norm_id,source_text,normalized_text,validation_status,validation_issues,manual_status,label,category,obfuscation_level,data_origin,source_dataset
sms_norm_05021,[JT] JT776655443322: Shipper se den lay hang luc 16:30. Quy khach vui long chuan bi kien hang.,[JT] JT776655443322: Shipper sẽ đến lấy hàng lúc 16:30. Quý khách vui lòng chuẩn bị kiện hàng.,pass,,generated,0,Vận chuyển,NONE,synthetic,synthetic_label_0
sms_norm_05022,BEST Express: BEST7766554433 se den lay hang luc 11:00. Vui long chuan bi kien hang san sang.,BEST Express: BEST7766554433 sẽ đến lấy hàng lúc 11:00. Vui lòng chuẩn bị kiện hàng sẵn sàng.,pass,,generated,0,Vận chuyển,NONE,synthetic,synthetic_label_0
sms_norm_05023,"MoMo: Bạn có quà tặng hoàn tiền 10% tối đa 20.000đ khi thanh toán hóa đơn Điện, Nước qua ví MoMo. Thời hạn sử dụng đến hết ngày 31/05/2025. Chi tiết tại momo.vn.","MoMo: Bạn có quà tặng hoàn tiền 10% tối đa 20.000 đồng khi thanh toán hóa đơn điện, nước qua ví MoMo. Thời hạn sử dụng đến hết ngày 31/05/2025. Chi tiết tại momo.vn.",pass,,generated,0,Quảng cáo hợp lệ,NONE,synthetic,synthetic_label_0
sms_norm_05024,WinMart: Tặng voucher 50.000đ cho hóa đơn từ 500.000đ khi khách hàng quét mã thanh toán bằng GrabPay. Ưu đãi kết thúc ngày 20/07/2025. Truy cập winmart.com.vn.,WinMart: Tặng voucher 50.000 đồng cho hóa đơn từ 500.000 đồng khi khách hàng quét mã thanh toán bằng GrabPay. Ưu đãi kết thúc ngày 20/07/2025. Truy cập winmart.com.vn.,pass,,generated,0,Quảng cáo hợp lệ,NONE,synthetic,synthetic_label_0
sms_norm_05025,Grab: Ưu đãi hoàn tiền 15% tối đa 30.000đ khi thanh toán dịch vụ GrabFood bằng ví Moca hoặc thẻ liên kết. Hạn dùng đến 15/05/2025. Soan TU CHOI gui 8069.,Grab: Ưu đãi hoàn tiền 15% tối đa 30.000 đồng khi thanh toán dịch vụ GrabFood bằng ví Moca hoặc thẻ liên kết. Hạn dùng đến 15/05/2025. Soạn TU CHỌI gửi 8069.,pass,,generated,0,Quảng cáo hợp lệ,NONE,synthetic,synthetic_label_0
sms_norm_05026,ZaloPay: Bạn được tặng mã hoàn tiền 50% tối đa 20.000đ khi nạp tiền điện thoại từ 50.000đ trên ứng dụng ZaloPay. Hạn dùng đến 31/10/2025. Xem tại zalopay.vn.,ZaloPay: Bạn được tặng mã hoàn tiền 50% tối đa 20.000 đồng khi nạp tiền điện thoại từ 50.000 đồng trên ứng dụng ZaloPay. Hạn dùng đến 31/10/2025. Xem tại zalopay.vn.,pass,,generated,0,Quảng cáo hợp lệ,NONE,synthetic,synthetic_label_0
sms_norm_05027,Lotteria: Thưởng thức Combo Gà Rán chỉ với 89.000đ khi thanh toán bằng ví MoMo. Chương trình áp dụng đến hết ngày 25/12/2025. Chi tiết: lotteria.vn.,Lotteria: Thưởng thức Combo Gà Rán chỉ với 89.000 đồng khi thanh toán bằng ví MoMo. Chương trình áp dụng đến hết ngày 25/12/2025. Chi tiết: lotteria.vn.,pass,,generated,0,Quảng cáo hợp lệ,NONE,synthetic,synthetic_label_0
sms_norm_05028,ShopeePay: Nhận ngay voucher giảm 10% khi đặt vé xem phim trên app Shopee và thanh toán qua ví ShopeePay. Hạn dùng đến 30/04/2025. Hotline: 19001221.,ShopeePay: Nhận ngay voucher giảm 10% khi đặt vé xem phim trên app Shopee và thanh toán qua ví ShopeePay. Hạn dùng đến 30/04/2025. Hotline: 19001221.,pass,,generated,0,Quảng cáo hợp lệ,NONE,synthetic,synthetic_label_0
sms_norm_05029,Co.opmart: Tặng 100 điểm thưởng vào thẻ thành viên khi thanh toán hóa đơn qua ví ZaloPay từ 500.000đ. Áp dụng đến ngày 31/03/2025. Hotline: 1900555568.,Co.opmart: Tặng 100 điểm thưởng vào thẻ thành viên khi thanh toán hóa đơn qua ví ZaloPay từ 500.000 đồng. Áp dụng đến ngày 31/03/2025. Hotline: 1900555568.,pass,,generated,0,Quảng cáo hợp lệ,NONE,synthetic,synthetic_label_0
sms_norm_05030,McDonald's: Mua 1 tặng 1 Burger bò khi thanh toán bằng thẻ Visa qua ứng dụng Grab. Ưu đãi dành cho thành viên đến hết ngày 28/02/2025. Xem menu tại mcdonalds.vn.,McDonald's: Mua 1 tặng 1 Burger bò khi thanh toán bằng thẻ Visa qua ứng dụng Grab. Ưu đãi dành cho thành viên đến hết ngày 28/02/2025. Xem menu tại mcdonalds.vn.,pass,,generated,0,Quảng cáo hợp lệ,NONE,synthetic,synthetic_label_0
sms_norm_05031,Highland Coffee: Hoàn tiền 15.000đ cho hóa đơn từ 45.000đ khi thanh toán qua ShopeePay tại quầy. Ưu đãi áp dụng đến hết 30/11/2025. Website: highlandcoffee.com.vn.,Highland Coffee: Hoàn tiền 15.000 đồng cho hóa đơn từ 45.000 đồng khi thanh toán qua ShopeePay tại quầy. Ưu đãi áp dụng đến hết 30/11/2025. Website: highlandcoffee.com.vn.,pass,,generated,0,Quảng cáo hợp lệ,NONE,synthetic,synthetic_label_0
sms_norm_05032,MoMo: Chúc mừng bạn nhận được Voucher giảm 50% phí bảo hiểm xe máy khi thanh toán qua Ví MoMo. Hạn dùng đến ngày 31/12/2024. Mở app MoMo để dùng ngay.,MoMo: Chúc mừng bạn nhận được Voucher giảm 50% phí bảo hiểm xe máy khi thanh toán qua Ví MoMo. Hạn dùng đến ngày 31/12/2024. Mở app MoMo để dùng ngay.,pass,,generated,0,Quảng cáo hợp lệ,NONE,synthetic,synthetic_label_0
sms_norm_05033,ZaloPay: Tặng bạn mã giảm giá 100.000đ khi đặt vé máy bay và thanh toán qua ZaloPay. Ưu đãi dành cho khách hàng thân thiết đến 15/06/2025. Truy cập zalopay.vn.,ZaloPay: Tặng bạn mã giảm giá 100.000 đồng khi đặt vé máy bay và thanh toán qua ZaloPay. Ưu đãi dành cho khách hàng thân thiết đến 15/06/2025. Truy cập zalopay.vn.,pass,,generated,0,Quảng cáo hợp lệ,NONE,synthetic,synthetic_label_0
sms_norm_05034,ShopeePay: Giảm ngay 20.000đ cho đơn hàng ShopeeFood khi thanh toán bằng ví ShopeePay. Nhập mã SPPNEW áp dụng đến hết ngày 31/05/2025. CSKH: 19001221.,ShopeePay: Giảm ngay 20.000 đồng cho đơn hàng ShopeeFood khi thanh toán bằng ví ShopeePay. Nhập mã SPPNEW áp dụng đến hết ngày 31/05/2025. CSKH: 19001221.,pass,,generated,0,Quảng cáo hợp lệ,NONE,synthetic,synthetic_label_0
sms_norm_05035,WinMart: Hoàn tiền 10% tối đa 30.000đ khi thanh toán bằng ví MoMo cho hóa đơn mua sắm thực phẩm tươi sống. Thời hạn đến 20/10/2025. Chi tiết tại winmart.com.vn.,WinMart: Hoàn tiền 10% tối đa 30.000 đồng khi thanh toán bằng ví MoMo cho hóa đơn mua sắm thực phẩm tươi sống. Thời hạn đến 20/10/2025. Chi tiết tại winmart.com.vn.,pass,,generated,0,Quảng cáo hợp lệ,NONE,synthetic,synthetic_label_0
sms_norm_05036,Co.opmart: Quét mã QR Pay ngân hàng hoặc ZaloPay để nhận ngay ưu đãi giảm 5% cho hóa đơn từ 1 triệu đồng. Hạn dùng 31/12/2025. Soan TU CHOI gui 8077.,Co.opmart: Quét mã QR Pay ngân hàng hoặc ZaloPay để nhận ngay ưu đãi giảm 5% cho hóa đơn từ 1 triệu đồng. Hạn dùng 31/12/2025. Soạn TU CHỌI gửi 8077.,pass,,generated,0,Quảng cáo hợp lệ,NONE,synthetic,synthetic_label_0
sms_norm_05037,Bách hóa xanh: Ưu đãi đặc quyền giảm 15.000đ khi thanh toán qua GrabPay cho đơn hàng từ 200.000đ. Áp dụng đến hết ngày 30/04/2025. Website: bachhoaxanh.com.,Bách hóa xanh: Ưu đãi đặc quyền giảm 15.000 đồng khi thanh toán qua GrabPay cho đơn hàng từ 200.000 đồng. Áp dụng đến hết ngày 30/04/2025. Website: bachhoaxanh.com.,pass,,generated,0,Quảng cáo hợp lệ,NONE,synthetic,synthetic_label_0
sms_norm_05038,Lotteria: Giảm giá 10% trên tổng hóa đơn khi thanh toán qua ví điện tử ZaloPay vào các ngày thứ 2 đến thứ 6. Hạn dùng đến 31/08/2025. Truy cập lotteria.vn.,Lotteria: Giảm giá 10% trên tổng hóa đơn khi thanh toán qua ví điện tử ZaloPay vào các ngày thứ 2 đến thứ 6. Hạn dùng đến 31/08/2025. Truy cập lotteria.vn.,pass,,generated,0,Quảng cáo hợp lệ,NONE,synthetic,synthetic_label_0
sms_norm_05039,McDonald's: Nhận ngay mã giảm 30% tối đa 50.000đ cho đơn hàng giao tận nơi khi thanh toán qua MoMo. Áp dụng đến hết 30/06/2025. Soan TC gui 9241.,McDonald's: Nhận ngay mã giảm 30% tối đa 50.000 đồng cho đơn hàng giao tận nơi khi thanh toán qua MoMo. Áp dụng đến hết 30/06/2025. Soạn TC gửi 9241.,pass,,generated,0,Quảng cáo hợp lệ,NONE,synthetic,synthetic_label_0
sms_norm_05040,Jollibee: Hoàn tiền 10.000đ vào ví ShopeePay cho mỗi hóa đơn thanh toán từ 80.000đ tại cửa hàng. Thời gian áp dụng đến ngày 31/05/2025. Website: jollibee.com.vn.,Jollibee: Hoàn tiền 10.000 đồng vào ví ShopeePay cho mỗi hóa đơn thanh toán từ 80.000 đồng tại cửa hàng. Thời gian áp dụng đến ngày 31/05/2025. Website: jollibee.com.vn.,pass,,generated,0,Quảng cáo hợp lệ,NONE,synthetic,synthetic_label_0
sms_norm_05041,The Coffee House: Hoàn tiền 10% tối đa 20.000đ khi quét mã QR thanh toán qua ứng dụng ngân hàng hoặc MoMo. Áp dụng đến ngày 15/12/2025. Chi tiết: thecoffeehouse.com.,The Coffee House: Hoàn tiền 10% tối đa 20.000 đồng khi quét mã QR thanh toán qua ứng dụng ngân hàng hoặc MoMo. Áp dụng đến ngày 15/12/2025. Chi tiết: thecoffeehouse.com.,pass,,generated,0,Quảng cáo hợp lệ,NONE,synthetic,synthetic_label_0
sms_norm_05042,MoMo: Tặng bạn thẻ quà giảm 20.000đ khi mua thẻ cào điện thoại Viettel từ 100.000đ trên Ví MoMo. Hạn dùng đến 31/03/2025. Mở App kiểm tra Ưu đãi của tôi.,MoMo: Tặng bạn thẻ quà giảm 20.000 đồng khi mua thẻ cào điện thoại Viettel từ 100.000 đồng trên Ví MoMo. Hạn dùng đến 31/03/2025. Mở App kiểm tra Ưu đãi của tôi.,pass,,generated,0,Quảng cáo hợp lệ,NONE,synthetic,synthetic_label_0
sms_norm_05043,Grab: Ưu đãi hoàn tiền 20.000đ khi thanh toán hóa đơn Internet qua GrabPay lần đầu tiên. Thời gian áp dụng đến ngày 30/06/2025. Soan TU CHOI gui 8069.,Grab: Ưu đãi hoàn tiền 20.000 đồng khi thanh toán hóa đơn Internet qua GrabPay lần đầu tiên. Thời gian áp dụng đến ngày 30/06/2025. Soạn TU CHỌI gửi 8069.,pass,,generated,0,Quảng cáo hợp lệ,NONE,synthetic,synthetic_label_0
sms_norm_05044,ZaloPay: Giảm ngay 50.000đ khi thanh toán hóa đơn vay tiêu dùng qua ứng dụng ZaloPay. Ưu đãi có hiệu lực đến 31/07/2025. Chi tiết xem tại zalopay.vn.,ZaloPay: Giảm ngay 50.000 đồng khi thanh toán hóa đơn vay tiêu dùng qua ứng dụng ZaloPay. Ưu đãi có hiệu lực đến 31/07/2025. Chi tiết xem tại zalopay.vn.,pass,,generated,0,Quảng cáo hợp lệ,NONE,synthetic,synthetic_label_0
sms_norm_05045,ShopeePay: Nhập mã SPPMAY giảm 15% tối đa 40.000đ khi thanh toán hóa đơn điện nước qua ví ShopeePay. Hạn dùng đến 31/05/2025. Hotline: 19001221.,ShopeePay: Nhập mã SPPMAY giảm 15% tối đa 40.000 đồng khi thanh toán hóa đơn điện nước qua ví ShopeePay. Hạn dùng đến 31/05/2025. Hotline: 19001221.,pass,,generated,0,Quảng cáo hợp lệ,NONE,synthetic,synthetic_label_0
sms_norm_05046,WinMart: Tặng mã giảm 20.000đ khi thanh toán qua ZaloPay cho hóa đơn từ 300.000đ. Áp dụng tại tất cả hệ thống WinMart+ đến 31/08/2025. Website: winmart.com.vn.,WinMart: Tặng mã giảm 20.000 đồng khi thanh toán qua ZaloPay cho hóa đơn từ 300.000 đồng. Áp dụng tại tất cả hệ thống WinMart+ đến 31/08/2025. Website: winmart.com.vn.,pass,,generated,0,Quảng cáo hợp lệ,NONE,synthetic,synthetic_label_0
sms_norm_05047,Co.opmart: Hoàn tiền 50.000đ vào tài khoản ví MoMo cho khách hàng mới lần đầu thanh toán tại siêu thị. Hạn dùng 30/04/2025. Liên hệ 1900555568.,Co.opmart: Hoàn tiền 50.000 đồng vào tài khoản ví MoMo cho khách hàng mới lần đầu thanh toán tại siêu thị. Hạn dùng 30/04/2025. Liên hệ 1900555568.,pass,,generated,0,Quảng cáo hợp lệ,NONE,synthetic,synthetic_label_0
sms_norm_05048,Bách hóa xanh: Nhận voucher giảm 10k khi thanh toán đơn hàng từ 150k qua ShopeePay. Ưu đãi áp dụng đến hết ngày 15/06/2025. Chi tiết tại bachhoaxanh.com.,Bách hóa xanh: Nhận voucher giảm 10.000 đồng khi thanh toán đơn hàng từ 150.000 đồng qua ShopeePay. Ưu đãi áp dụng đến hết ngày 15/06/2025. Chi tiết tại bachhoaxanh.com.,pass,,generated,0,Quảng cáo hợp lệ,NONE,synthetic,synthetic_label_0
sms_norm_05049,KFC: Combo 2 người chỉ 129k khi thanh toán bằng ví điện tử MoMo tại quầy. Chương trình kéo dài đến hết ngày 31/12/2024. Hotline: 19006886. Soan TC gui 8079.,KFC: Combo 2 người chỉ 129.000 đồng khi thanh toán bằng ví điện tử MoMo tại quầy. Chương trình kéo dài đến hết ngày 31/12/2024. Hotline: 19006886. Soạn TC gửi 8079.,pass,,generated,0,Quảng cáo hợp lệ,NONE,synthetic,synthetic_label_0
sms_norm_05050,Lotteria: Hoàn tiền 15% tối đa 30.000đ khi quét mã thanh toán VNPAY-QR hoặc ShopeePay. Áp dụng đến hết ngày 30/09/2025. Xem tại lotteria.vn.,Lotteria: Hoàn tiền 15% tối đa 30.000 đồng khi quét mã thanh toán VNPAY-QR hoặc ShopeePay. Áp dụng đến hết ngày 30/09/2025. Xem tại lotteria.vn.,pass,,generated,0,Quảng cáo hợp lệ,NONE,synthetic,synthetic_label_0
sms_norm_05051,Jollibee: Giảm ngay 20% cho hóa đơn đặt hàng qua app Jollibee và thanh toán bằng ZaloPay. Ưu đãi áp dụng đến 31/08/2025. Chi tiết: jollibee.com.vn.,Jollibee: Giảm ngay 20% cho hóa đơn đặt hàng qua app Jollibee và thanh toán bằng ZaloPay. Ưu đãi áp dụng đến 31/08/2025. Chi tiết: jollibee.com.vn.,pass,,generated,0,Quảng cáo hợp lệ,NONE,synthetic,synthetic_label_0
sms_norm_05052,Highland Coffee: Nhập mã HIGHLAND10 hoàn tiền 10k khi thanh toán qua ví ShopeePay cho hóa đơn từ 45k. Hạn dùng đến 31/07/2025. Website: highlandcoffee.com.vn.,Highland Coffee: Nhập mã HIGHLAND10 hoàn tiền 10.000 đồng khi thanh toán qua ví ShopeePay cho hóa đơn từ 45.000 đồng. Hạn dùng đến 31/07/2025. Website: highlandcoffee.com.vn.,pass,,generated,0,Quảng cáo hợp lệ,NONE,synthetic,synthetic_label_0
sms_norm_05053,The Coffee House: Tặng mã ưu đãi giảm 15.000đ khi thanh toán qua MoMo cho đơn hàng từ 50.000đ. Áp dụng đến hết ngày 30/06/2025. Soan TU CHOI gui 8088.,The Coffee House: Tặng mã ưu đãi giảm 15.000 đồng khi thanh toán qua MoMo cho đơn hàng từ 50.000 đồng. Áp dụng đến hết ngày 30/06/2025. Soạn TU CHỌI gửi 8088.,pass,,generated,0,Quảng cáo hợp lệ,NONE,synthetic,synthetic_label_0
sms_norm_05054,MoMo: Bạn có voucher giảm 100.000đ khi đặt phòng khách sạn và thanh toán bằng ví MoMo. Thời hạn sử dụng đến ngày 31/12/2025. Mở App MoMo để dùng ngay.,MoMo: Bạn có voucher giảm 100.000 đồng khi đặt phòng khách sạn và thanh toán bằng ví MoMo. Thời hạn sử dụng đến ngày 31/12/2025. Mở App MoMo để dùng ngay.,pass,,generated,0,Quảng cáo hợp lệ,NONE,synthetic,synthetic_label_0
sms_norm_05055,"[VCB] Ma OTP xac thuc GD la 829471, hieu luc trong 2 phut. Tuyet doi KHONG chia se OTP cho bat ky ai de tranh bi lua dao.","[VCB] Mã OTP xác thực giao dịch là 829471, hiệu lực trong 2 phút. Tuyệt đối KHÔNG chia sẻ OTP cho bất kỳ ai để tránh bị lừa đảo.",pass,,generated,0,Ngân hàng thật,NONE,synthetic,synthetic_label_0
sms_norm_05056,[MB] Ma OTP cua Quy khach la 103958. Ma co hieu luc trong 5 phut. Vui long khong cung cap ma nay cho nguoi khac.,[MB] Mã OTP của Quý khách là 103958. Mã có hiệu lực trong 5 phút. Vui lòng không cung cấp mã này cho người khác.,pass,,generated,0,Ngân hàng thật,NONE,synthetic,synthetic_label_0
sms_norm_05057,BIDV: Ma OTP 552910 de xac nhan thanh toan truc tuyen. Hieu luc 3 phut. Moi thac mac vui long goi 19009247.,BIDV: Mã OTP 552910 để xác nhận thanh toán trực tuyến. Hiệu lực 3 phút. Mọi thắc mắc vui lòng gọi 19009247.,pass,,generated,0,Ngân hàng thật,NONE,synthetic,synthetic_label_0
sms_norm_05058,Techcombank: Ma OTP xac thuc dang nhap la 384729. Ma nay se het han sau 3 phut. KHONG chia se ma cho bat ky ai.,Techcombank: Mã OTP xác thực đăng nhập là 384729. Mã này sẽ hết hạn sau 3 phút. KHÔNG chia sẻ mã cho bất kỳ ai.,pass,,generated,0,Ngân hàng thật,NONE,synthetic,synthetic_label_0
sms_norm_05059,ACB: Ma OTP 912048 dung de xac thuc giao dich tren ACB ONE. Vui long khong cung cap ma nay cho bat ky ai.,ACB: Mã OTP 912048 dùng để xác thực giao dịch trên ACB ONE. Vui lòng không cung cấp mã này cho bất kỳ ai.,pass,,generated,0,Ngân hàng thật,NONE,synthetic,synthetic_label_0
sms_norm_05060,[VPBank] Ma OTP: 472951. Dung de xac thuc giao dich tai VPBank Online. Hieu luc 5 phut. LH 1900545415 khi can ho tro.,[VPBank] Mã OTP: 472951. Dùng để xác thực giao dịch tại VPBank Online. Hiệu lực 5 phút. Liên hệ 1900545415 khi cần hỗ trợ.,pass,,generated,0,Ngân hàng thật,NONE,synthetic,synthetic_label_0
sms_norm_05061,TPBank: Ma OTP cua Quy khach la 295830. Ma co hieu luc trong 2 phut. Vui long bao mat thong tin giao dich.,TPBank: Mã OTP của Quý khách là 295830. Mã có hiệu lực trong 2 phút. Vui lòng bảo mật thông tin giao dịch.,pass,,generated,0,Ngân hàng thật,NONE,synthetic,synthetic_label_0
sms_norm_05062,Agribank: Ma OTP xac thuc giao dich 118472. Ma co hieu luc trong 5 phut. Moi thac mac lien he 1900558818.,Agribank: Mã OTP xác thực giao dịch 118472. Mã có hiệu lực trong 5 phút. Mọi thắc mắc liên hệ 1900558818.,pass,,generated,0,Ngân hàng thật,NONE,synthetic,synthetic_label_0
sms_norm_05063,[Sacombank] Ma OTP: 663829. Dung de xac thuc giao dich thanh toan. Hieu luc 3 phut. KHONG chia se ma nay.,[Sacombank] Mã OTP: 663829. Dùng để xác thực giao dịch thanh toán. Hiệu lực 3 phút. KHÔNG chia sẻ mã này.,pass,,generated,0,Ngân hàng thật,NONE,synthetic,synthetic_label_0
sms_norm_05064,SHB: Ma OTP xac thuc giao dich cua Quy khach la 402918. Ma co hieu luc trong 5 phut. Vui long khong cung cap cho bat ky ai.,SHB: Mã OTP xác thực giao dịch của Quý khách là 402918. Mã có hiệu lực trong 5 phút. Vui lòng không cung cấp cho bất kỳ ai.,pass,,generated,0,Ngân hàng thật,NONE,synthetic,synthetic_label_0
sms_norm_05065,MSB: Ma OTP: 772940. Su dung de xac thuc giao dich tren MSB mBank. Hieu luc trong 3 phut. Tran trong.,MSB: Mã OTP: 772940. Sử dụng để xác thực giao dịch trên MSB mBank. Hiệu lực trong 3 phút. Trân trọng.,pass,,generated,0,Ngân hàng thật,NONE,synthetic,synthetic_label_0
sms_norm_05066,[VIB] Ma OTP: 338471. Su dung de xac nhan thanh toan hoa don. Ma co hieu luc trong 2 phut. Vui long bao mat.,[VIB] Mã OTP: 338471. Sử dụng để xác nhận thanh toán hóa đơn. Mã có hiệu lực trong 2 phút. Vui lòng bảo mật.,pass,,generated,0,Ngân hàng thật,NONE,synthetic,synthetic_label_0
sms_norm_05067,"[VCB] TK ****8291 +2,500,000VND luc 23:15. So du: 15,340,000VND. ND: Chuyen khoan thanh toan hang hoa.",[VCB] TK ****8291 +2.500.000 VND lúc 23:15. Số dư: 15.340.000 VND. ND: Chuyển khoản thanh toán hàng hóa.,pass,,generated,0,Ngân hàng thật,NONE,synthetic,synthetic_label_0
sms_norm_05068,"[MB] TK 1029****9481 -1,200,000VND luc 01:10. So du: 5,420,000VND. ND: Thanh toan tien dien thang 08.",[MB] TK 1029****9481 -1.200.000 VND lúc 01:10. Số dư: 5.420.000 VND. ND: Thanh toán tiền điện tháng 08.,pass,,generated,0,Ngân hàng thật,NONE,synthetic,synthetic_label_0
sms_norm_05069,"BIDV: TK ****3829 -500,000VND luc 22:45. So du: 8,120,500VND. ND: Rut tien tai ATM BIDV.",BIDV: TK ****3829 -500.000 VND lúc 22:45. Số dư: 8.120.500 VND. ND: Rút tiền tại ATM BIDV.,pass,,generated,0,Ngân hàng thật,NONE,synthetic,synthetic_label_0
sms_norm_05070,"Techcombank: TK ****1102 +15,000,000VND luc 02:30. So du: 45,600,000VND. ND: Luong thang 08/2024.",Techcombank: TK ****1102 +15.000.000 VND lúc 02:30. Số dư: 45.600.000 VND. ND: Lương tháng 08/2024.,pass,,generated,0,Ngân hàng thật,NONE,synthetic,synthetic_label_0
sms_norm_05071,"ACB: TK ****5566 -3,200,000VND luc 23:55. So du: 12,450,000VND. ND: Chuyen tien cho Nguyen Van A.",ACB: TK ****5566 -3.200.000 VND lúc 23:55. Số dư: 12.450.000 VND. ND: Chuyển tiền cho Nguyễn Văn A.,pass,,generated,0,Ngân hàng thật,NONE,synthetic,synthetic_label_0
sms_norm_05072,"VPBank: TK ****4729 -850,000VND luc 00:20. So du: 2,100,000VND. ND: Thanh toan GrabFood.",VPBank: TK ****4729 -850.000 VND lúc 00:20. Số dư: 2.100.000 VND. ND: Thanh toán GrabFood.,pass,,generated,0,Ngân hàng thật,NONE,synthetic,synthetic_label_0
sms_norm_05073,"TPBank: TK ****9928 +200,000VND luc 21:50. So du: 1,450,000VND. ND: Chuyen khoan qua so dien thoai.",TPBank: TK ****9928 +200.000 VND lúc 21:50. Số dư: 1.450.000 VND. ND: Chuyển khoản qua số điện thoại.,pass,,generated,0,Ngân hàng thật,NONE,synthetic,synthetic_label_0
sms_norm_05074,"Agribank: TK ****6621 -4,500,000VND luc 23:30. So du: 3,200,100VND. ND: Thanh toan hoa don nuoc.",Agribank: TK ****6621 -4.500.000 VND lúc 23:30. Số dư: 3.200.100 VND. ND: Thanh toán hóa đơn nước.,pass,,generated,0,Ngân hàng thật,NONE,synthetic,synthetic_label_0
sms_norm_05075,"Sacombank: TK ****1123 +1,000,000VND luc 03:15. So du: 5,600,000VND. ND: Tra no khoan vay.",Sacombank: TK ****1123 +1.000.000 VND lúc 03:15. Số dư: 5.600.000 VND. ND: Trả nợ khoản vay.,pass,,generated,0,Ngân hàng thật,NONE,synthetic,synthetic_label_0
sms_norm_05076,"SHB: TK ****8872 -200,000VND luc 00:45. So du: 980,000VND. ND: Nap tien dien thoai.",SHB: TK ****8872 -200.000 VND lúc 00:45. Số dư: 980.000 VND. ND: Nạp tiền điện thoại.,pass,,generated,0,Ngân hàng thật,NONE,synthetic,synthetic_label_0
sms_norm_05077,"MSB: TK ****4432 +5,500,000VND luc 22:15. So du: 18,300,000VND. ND: Chuyen khoan cuoi tuan.",MSB: TK ****4432 +5.500.000 VND lúc 22:15. Số dư: 18.300.000 VND. ND: Chuyển khoản cuối tuần.,pass,,generated,0,Ngân hàng thật,NONE,synthetic,synthetic_label_0
sms_norm_05078,"VIB: TK ****2291 -1,150,000VND luc 01:55. So du: 4,200,000VND. ND: Thanh toan ShopeePay.",VIB: TK ****2291 -1.150.000 VND lúc 01:55. Số dư: 4.200.000 VND. ND: Thanh toán ShopeePay.,pass,,generated,0,Ngân hàng thật,NONE,synthetic,synthetic_label_0
sms_norm_05079,"HDBank: TK ****3345 +3,000,000VND luc 23:40. So du: 8,750,000VND. ND: Nhan tien tu vi dien tu.",HDBank: TK ****3345 +3.000.000 VND lúc 23:40. Số dư: 8.750.000 VND. ND: Nhận tiền từ ví điện tử.,pass,,generated,0,Ngân hàng thật,NONE,synthetic,synthetic_label_0
sms_norm_05080,"OCB: TK ****7712 -450,000VND luc 02:10. So du: 1,320,000VND. ND: Chuyen khoan 24/7.",OCB: TK ****7712 -450.000 đồng lúc 02:10. Số dư: 1.320.000 đồng. ND: Chuyển khoản 24/7.,pass,,generated,0,Ngân hàng thật,NONE,synthetic,synthetic_label_0
sms_norm_05081,"[VCB] TK ****5519 -6,000,000VND luc 22:50. So du: 2,400,000VND. ND: Thanh toan ve may bay.",[VCB] TK ****5519 -6.000.000 đồng lúc 22:50. Số dư: 2.400.000 đồng. ND: Thanh toán vé máy bay.,pass,,generated,0,Ngân hàng thật,NONE,synthetic,synthetic_label_0
sms_norm_05082,"[MB] TK ****9901 +450,000VND luc 00:35. So du: 1,200,000VND. ND: Hoan tien giao dich.",[MB] TK ****9901 +450.000 đồng lúc 00:35. Số dư: 1.200.000 đồng. ND: Hoàn tiền giao dịch.,pass,,generated,0,Ngân hàng thật,NONE,synthetic,synthetic_label_0
sms_norm_05083,VPBank: Ky sao ke the tin dung ****4455 thang 08 da duoc phat hanh. Han thanh toan 25/08. Chi tiet tai vpbank.com.vn.,VPBank: Kỳ sao kê thẻ tín dụng ****4455 tháng 08 đã được phát hành. Hạn thanh toán 25/08. Chi tiết tại vpbank.com.vn.,pass,,generated,0,Ngân hàng thật,NONE,synthetic,synthetic_label_0
sms_norm_05084,Techcombank: Diem thuong Techcombank Rewards cua Quy khach se het han vao 31/08/2024. Vui long doi qua tai techcombank.com.vn.,Techcombank: Điểm thưởng Techcombank Rewards của Quý khách sẽ hết hạn vào 31/08/2024. Vui lòng đổi quà tại techcombank.com.vn.,pass,,generated,0,Ngân hàng thật,NONE,synthetic,synthetic_label_0
sms_norm_05085,BIDV: Thong bao thay doi lai suat tiet kiem tu ngay 01/09/2024. Chi tiet vui long truy cap bidv.com.vn hoac LH 19009247.,BIDV: Thông báo thay đổi lãi suất tiết kiệm từ ngày 01/09/2024. Chi tiết vui lòng truy cập bidv.com.vn hoặc liên hệ 19009247.,pass,,generated,0,Ngân hàng thật,NONE,synthetic,synthetic_label_0
sms_norm_05086,[VCB] Quy khach co lich hen gia han the ATM tai chi nhanh vao ngay 26/08. Vui long mang theo CCCD khi di.,[VCB] Quý khách có lịch hẹn gia hạn thẻ ATM tại chi nhánh vào ngày 26/08. Vui lòng mang theo CCCD khi đi.,pass,,generated,0,Ngân hàng thật,NONE,synthetic,synthetic_label_0
sms_norm_05087,ACB: Chuc mung sinh nhat Quy khach. ACB gui tang voucher giam gia 10% khi thanh toan qua ACB ONE. Chi tiet tai acb.com.vn.,ACB: Chúc mừng sinh nhật Quý khách. ACB gửi tặng voucher giảm giá 10% khi thanh toán qua ACB ONE. Chi tiết tại acb.com.vn.,pass,,generated,0,Ngân hàng thật,NONE,synthetic,synthetic_label_0
sms_norm_05088,TPBank: Thong bao bao tri he thong tu 01:00 den 03:00 ngay Chu Nhat 25/08. Giao dich co the bi gian doan. Tran trong.,TPBank: Thông báo bảo trì hệ thống từ 01:00 đến 03:00 ngày Chủ nhật 25/08. Giao dịch có thể bị gián đoạn. Trân trọng.,pass,,generated,0,Ngân hàng thật,NONE,synthetic,synthetic_label_0
sms_norm_05089,"[MB] The tin dung ****8822 cua Quy khach sap den han thanh toan. So tien: 4,500,000VND. Vui long thanh toan de tranh phat.",[MB] Thẻ tín dụng ****8822 của Quý khách sắp đến hạn thanh toán. Số tiền: 4.500.000 đồng. Vui lòng thanh toán để tránh phạt.,pass,,generated,0,Ngân hàng thật,NONE,synthetic,synthetic_label_0
sms_norm_05090,Agribank: Chuong trinh khuyen mai Giao dich cuoi tuan - Nhan qua cuc khung. Chi tiet xem tai agribank.com.vn.,Agribank: Chương trình khuyến mại Giao dịch cuối tuần - Nhận quà cực khủng. Chi tiết xem tại agribank.com.vn.,pass,,generated,0,Ngân hàng thật,NONE,synthetic,synthetic_label_0
sms_norm_05091,Sacombank: Thong bao thay doi han muc rut tien mat tai ATM tu ngay 01/09. Quy khach vui long kiem tra tai sacombank.com.vn.,Sacombank: Thông báo thay đổi hạn mức rút tiền mặt tại ATM từ ngày 01/09. Quý khách vui lòng kiểm tra tại sacombank.com.vn.,pass,,generated,0,Ngân hàng thật,NONE,synthetic,synthetic_label_0
sms_norm_05092,MSB: Chuc mung Quy khach da nang hang thanh vien MSB Privilege. Tan huong uu dai dac quyen tai msb.com.vn.,MSB: Chúc mừng Quý khách đã nâng hạng thành viên MSB Privilege. Tận hưởng ưu đãi đặc quyền tại msb.com.vn.,pass,,generated,0,Ngân hàng thật,NONE,synthetic,synthetic_label_0
sms_norm_05093,"VIB: Thong bao phi duy tri tai khoan thang 08/2024 la 11,000VND. So du hien tai: 540,000VND.",VIB: Thông báo phí duy trì tài khoản tháng 08/2024 là 11.000 đồng. Số dư hiện tại: 540.000 đồng.,pass,,generated,0,Ngân hàng thật,NONE,synthetic,synthetic_label_0
sms_norm_05094,"HDBank: Quy khach co khoan vay sap den han vao ngay 28/08. Vui long chuan bi so tien 5,000,000VND de thanh toan dung han.",HDBank: Quý khách có khoản vay sắp đến hạn vào ngày 28/08. Vui lòng chuẩn bị số tiền 5.000.000 đồng để thanh toán đúng hạn.,pass,,generated,0,Ngân hàng thật,NONE,synthetic,synthetic_label_0
sms_norm_05095,[GHN] Van don GHNR24032700001: Dang phan loai tai kho Ha Noi. Du kien giao 28/03 (tu 8h-18h). Theo doi tai https://ghn.vn,[GHN] Vận đơn GHNR24032700001: Đang phân loại tại kho Hà Nội. Dự kiến giao 28/03 (từ 8h-18h). Theo dõi tại https://ghn.vn,pass,,generated,0,Vận chuyển,NONE,synthetic,synthetic_label_0
sms_norm_05096,GHTK-GHTK1029384756: Dang phan loai tai kho TP.HCM. Du kien giao 29/03 (tu 13h-18h). Theo doi tai https://ghtk.vn,GHTK-GHTK1029384756: Đang phân loại tại kho TP.HCM. Dự kiến giao 29/03 (từ 13h-18h). Theo dõi tại https://ghtk.vn,pass,,generated,0,Vận chuyển,NONE,synthetic,synthetic_label_0
sms_norm_05097,[VTP] Ma van don: VTP291038475. Dang phan loai tai kho Da Nang. Du kien giao 30/03 (tu 8h-12h).,[VTP] Mã vận đơn: VTP291038475. Đang phân loại tại kho Đà Nẵng. Dự kiến giao 30/03 (từ 8h-12h).,pass,,generated,0,Vận chuyển,NONE,synthetic,synthetic_label_0
sms_norm_05098,[NinjaVan] Don hang NVVN98765432: Dang phan loai tai kho Binh Duong. Du kien giao 31/03 (tu 8h-18h).,[NinjaVan] Đơn hàng NVVN98765432: Đang phân loại tại kho Bình Dương. Dự kiến giao 31/03 (từ 8h-18h).,pass,,generated,0,Vận chuyển,NONE,synthetic,synthetic_label_0
sms_norm_05099,JT Express: JT102938475612 dang phan loai tai kho Ha Noi. Du kien giao 01/04 (tu 13h-18h).,JT Express: JT102938475612 đang phân loại tại kho Hà Nội. Dự kiến giao 01/04 (từ 13h-18h).,pass,,generated,0,Vận chuyển,NONE,synthetic,synthetic_label_0
sms_norm_05100,BEST-BEST7766554433: Dang phan loai tai kho TP.HCM. Du kien giao 02/04 (tu 8h-12h).,BEST-BEST7766554433: Đang phân loại tại kho TP.HCM. Dự kiến giao 02/04 (từ 8h-12h).,pass,,generated,0,Vận chuyển,NONE,synthetic,synthetic_label_0
sms_norm_05101,[SPX] Don hang SPXVN1234509876 dang phan loai tai kho Da Nang. Du kien giao 03/04 (tu 8h-18h).,[SPX] Đơn hàng SPXVN1234509876 đang phân loại tại kho Đà Nẵng. Dự kiến giao 03/04 (từ 8h-18h).,pass,,generated,0,Vận chuyển,NONE,synthetic,synthetic_label_0
sms_norm_05102,GHN: Van don SHNR887766554 dang phan loai tai kho Binh Duong. Du kien giao 04/04 (tu 13h-18h).,GHN: Vận đơn SHNR887766554 đang phân loại tại kho Bình Dương. Dự kiến giao 04/04 (từ 13h-18h).,pass,,generated,0,Vận chuyển,NONE,synthetic,synthetic_label_0
sms_norm_05103,19001221: Don hang SPXVN8899001122 dang phan loai tai kho Ha Noi. Du kien giao 05/04 (tu 8h-12h).,19001221: Đơn hàng SPXVN8899001122 đang phân loại tại kho Hà Nội. Dự kiến giao 05/04 (từ 8h-12h).,pass,,generated,0,Vận chuyển,NONE,synthetic,synthetic_label_0
sms_norm_05104,GHTK-GHTK4433221100: Dang phan loai tai kho TP.HCM. Du kien giao 06/04 (tu 8h-18h).,GHTK-GHTK4433221100: Đang phân loại tại kho TP.HCM. Dự kiến giao 06/04 (từ 8h-18h).,pass,,generated,0,Vận chuyển,NONE,synthetic,synthetic_label_0
sms_norm_05105,[VTP] Ma van don: VTP887766554. Dang phan loai tai kho Da Nang. Du kien giao 07/04 (tu 13h-18h).,[VTP] Mã vận đơn: VTP887766554. Đang phân loại tại kho Đà Nẵng. Dự kiến giao 07/04 (từ 13h-18h).,pass,,generated,0,Vận chuyển,NONE,synthetic,synthetic_label_0
sms_norm_05106,Ninja Van: NVVN55443322 dang phan loai tai kho Binh Duong. Du kien giao 08/04 (tu 8h-12h).,Ninja Van: NVVN55443322 đang phân loại tại kho Bình Dương. Dự kiến giao 08/04 (từ 8h-12h).,pass,,generated,0,Vận chuyển,NONE,synthetic,synthetic_label_0
sms_norm_05107,[GHN] Van don GHNR1122334455: Da giao thanh cong luc 09:15 ngay 27/03. Cam on ban da tin dung GHN.,[GHN] Vận đơn GHNR1122334455: Đã giao thành công lúc 09:15 ngày 27/03. Cảm ơn bạn đã tin dùng GHN.,pass,,generated,0,Vận chuyển,NONE,synthetic,synthetic_label_0
sms_norm_05108,GHTK: Kien hang GHTK2233445566 da giao thanh cong luc 14:20. Cam on ban da su dung dich vu.,GHTK: Kiện hàng GHTK2233445566 đã giao thành công lúc 14:20. Cảm ơn bạn đã sử dụng dịch vụ.,pass,,generated,0,Vận chuyển,NONE,synthetic,synthetic_label_0
sms_norm_05109,[VTP] Ma van don VTP112233445 da giao thanh cong luc 16:45. Cam on ban da su dung dich vu Viettel Post.,[VTP] Mã vận đơn VTP112233445 đã giao thành công lúc 16:45. Cảm ơn bạn đã sử dụng dịch vụ Viettel Post.,pass,,generated,0,Vận chuyển,NONE,synthetic,synthetic_label_0
sms_norm_05110,8079: Don hang NVVN22334455 da giao thanh cong luc 10:30. Cam on ban da su dung dich vu Ninja Van.,8079: Đơn hàng NVVN22334455 đã giao thành công lúc 10:30. Cảm ơn bạn đã sử dụng dịch vụ Ninja Van.,pass,,generated,0,Vận chuyển,NONE,synthetic,synthetic_label_0
sms_norm_05111,JT Express: JT556677889900 da giao thanh cong luc 11:10 ngay 28/03. Cam on quy khach.,JT Express: JT556677889900 đã giao thành công lúc 11:10 ngày 28/03. Cảm ơn quý khách.,pass,,generated,0,Vận chuyển,NONE,synthetic,synthetic_label_0
sms_norm_05112,[BEST] Van don BEST1122334455 da giao thanh cong luc 15:50. Cam on ban da su dung dich vu.,[BEST] Vận đơn BEST1122334455 đã giao thành công lúc 15:50. Cảm ơn bạn đã sử dụng dịch vụ.,pass,,generated,0,Vận chuyển,NONE,synthetic,synthetic_label_0
sms_norm_05113,[SPX] Don hang SPXVN5566778899 da giao thanh cong luc 13:25. Cam on ban da mua sam tai Shopee.,[SPX] Đơn hàng SPXVN5566778899 đã giao thành công lúc 13:25. Cảm ơn bạn đã mua sắm tại Shopee.,pass,,generated,0,Vận chuyển,NONE,synthetic,synthetic_label_0
sms_norm_05114,GHN: Van don SHNR554433221 da giao thanh cong luc 08:45. Cam on ban da su dung dich vu GHN.,GHN: Vận đơn SHNR554433221 đã giao thành công lúc 08:45. Cảm ơn bạn đã sử dụng dịch vụ GHN.,pass,,generated,0,Vận chuyển,NONE,synthetic,synthetic_label_0
sms_norm_05115,GHTK: GHTK8877665544 da giao thanh cong luc 17:15 ngay 29/03. Cam on ban da su dung GHTK.,GHTK: GHTK8877665544 đã giao thành công lúc 17:15 ngày 29/03. Cảm ơn bạn đã sử dụng GHTK.,pass,,generated,0,Vận chuyển,NONE,synthetic,synthetic_label_0
sms_norm_05116,6089: Ma van don VTP556644332 da giao thanh cong luc 09:55. Cam on ban da su dung Viettel Post.,6089: Mã vận đơn VTP556644332 đã giao thành công lúc 09:55. Cảm ơn bạn đã sử dụng Viettel Post.,pass,,generated,0,Vận chuyển,NONE,synthetic,synthetic_label_0
sms_norm_05117,Ninja Van: NVVN77889900 da giao thanh cong luc 14:40. Cam on ban da su dung dich vu.,Ninja Van: NVVN77889900 đã giao thành công lúc 14:40. Cảm ơn bạn đã sử dụng dịch vụ.,pass,,generated,0,Vận chuyển,NONE,synthetic,synthetic_label_0
sms_norm_05118,[SPX] Don hang SPXVN2211334455 da giao thanh cong luc 16:20 ngay 30/03. Cam on ban.,[SPX] Đơn hàng SPXVN2211334455 đã giao thành công lúc 16:20 ngày 30/03. Cảm ơn bạn.,pass,,generated,0,Vận chuyển,NONE,synthetic,synthetic_label_0
sms_norm_05119,[GHN] Van don GHNR5566778899: Giao khong thanh cong lan 1. Lien he giao vien 0909123456 de hen lai.,[GHN] Vận đơn GHNR5566778899: Giao không thành công lần 1. Liên hệ giao viên 0909123456 để hẹn lại.,pass,,generated,0,Vận chuyển,NONE,synthetic,synthetic_label_0
sms_norm_05120,GHTK: Don hang GHTK1122998877 giao khong thanh cong lan 2. Lien he giao vien: 0918273645.,GHTK: Đơn hàng GHTK1122998877 giao không thành công lần 2. Liên hệ giao viên: 0918273645.,pass,,generated,0,Vận chuyển,NONE,synthetic,synthetic_label_0
sms_norm_05121,[VTP] Ma van don VTP998877665: Giao khong thanh cong lan 1. Vui long lien he 0987654321 de nhan hang.,[VTP] Mã vận đơn VTP998877665: Giao không thành công lần 1. Vui lòng liên hệ 0987654321 để nhận hàng.,pass,,generated,0,Vận chuyển,NONE,synthetic,synthetic_label_0
sms_norm_05122,19006067: Don hang NVVN66554433 giao khong thanh cong lan 1. Lien he giao vien 0933445566.,19006067: Đơn hàng NVVN66554433 giao không thành công lần 1. Liên hệ giao viên 0933445566.,pass,,generated,0,Vận chuyển,NONE,synthetic,synthetic_label_0
sms_norm_05123,JT Express: JT990088776655 giao khong thanh cong lan 2. Lien he giao vien: 0944556677.,JT Express: JT990088776655 giao không thành công lần 2. Liên hệ giao viên: 0944556677.,pass,,generated,0,Vận chuyển,NONE,synthetic,synthetic_label_0
sms_norm_05124,[BEST] Van don BEST5544332211: Giao khong thanh cong lan 1. Vui long lien he 0966778899.,[BEST] Vận đơn BEST5544332211: Giao không thành công lần 1. Vui lòng liên hệ 0966778899.,pass,,generated,0,Vận chuyển,NONE,synthetic,synthetic_label_0
sms_norm_05125,[SPX] Don hang SPXVN8877665544 giao khong thanh cong lan 1. Lien he giao vien 0977889900.,[SPX] Đơn hàng SPXVN8877665544 giao không thành công lần 1. Liên hệ giao viên 0977889900.,pass,,generated,0,Vận chuyển,NONE,synthetic,synthetic_label_0
sms_norm_05126,GHN: Van don SHNR112233445 giao khong thanh cong lan 2. Lien he giao vien 0908123123.,GHN: Vận đơn SHNR112233445 giao không thành công lần 2. Liên hệ giao viên 0908123123.,pass,,generated,0,Vận chuyển,NONE,synthetic,synthetic_label_0
sms_norm_05127,6000: Don hang GHTK3344556677 giao khong thanh cong lan 1. Lien he giao vien 0919223344.,6000: Đơn hàng GHTK3344556677 giao không thành công lần 1. Liên hệ giao viên 0919223344.,pass,,generated,0,Vận chuyển,NONE,synthetic,synthetic_label_0
sms_norm_05128,[VTP] Ma van don VTP119922883: Giao khong thanh cong lan 2. Vui long lien he 0981223344.,[VTP] Mã vận đơn VTP119922883: Giao không thành công lần 2. Vui lòng liên hệ 0981223344.,pass,,generated,0,Vận chuyển,NONE,synthetic,synthetic_label_0
sms_norm_05129,[GHN] Shipper se den lay hang GHNR5566443322 luc 14:00. Vui long chuan bi kien hang. San sang tai ghn.vn,[GHN] Shipper sẽ đến lấy hàng GHNR5566443322 lúc 14:00. Vui lòng chuẩn bị kiện hàng. Sẵn sàng tải tại ghn.vn,pass,,generated,0,Vận chuyển,NONE,synthetic,synthetic_label_0
sms_norm_05130,GHTK: Shipper se den lay hang GHTK2299338844 luc 10:30. Ban vui long chuan bi hang va giay in.,GHTK: Shipper sẽ đến lấy hàng GHTK2299338844 lúc 10:30. Bạn vui lòng chuẩn bị hàng và giấy in.,pass,,generated,0,Vận chuyển,NONE,synthetic,synthetic_label_0
sms_norm_05131,[VTP] Shipper se den lay kien hang VTP554466778 luc 15:00. Vui long chuan bi hang san sang.,[VTP] Shipper sẽ đến lấy kiện hàng VTP554466778 lúc 15:00. Vui lòng chuẩn bị hàng sẵn sàng.,pass,,generated,0,Vận chuyển,NONE,synthetic,synthetic_label_0
sms_norm_05132,Ninja Van: NVVN11335577 se duoc lay luc 09:00. Vui long chuan bi kien hang va ma van don.,Ninja Van: NVVN11335577 sẽ được lấy lúc 09:00. Vui lòng chuẩn bị kiện hàng và mã vận đơn.,pass,,generated,0,Vận chuyển,NONE,synthetic,synthetic_label_0
sms_norm_05133,19001201: Don hang SPXVN4455667788 se duoc lay luc 16:30. Vui long chuan bi san hang hoa.,19001201: Đơn hàng SPXVN4455667788 sẽ được lấy lúc 16:30. Vui lòng chuẩn bị sẵn hàng hóa.,pass,,generated,0,Vận chuyển,NONE,synthetic,synthetic_label_0
sms_norm_05134,JT Express: Shipper se den lay hang JT112233998877 luc 13:45. Vui long chuan bi kien hang.,JT Express: Shipper sẽ đến lấy hàng JT112233998877 lúc 13:45. Vui lòng chuẩn bị kiện hàng.,pass,,generated,0,Vận chuyển,NONE,synthetic,synthetic_label_0
sms_norm_05135,Highlands Coffee tặng bạn mã HL30 giảm 30.000đ cho đơn từ 100.000đ khi đặt qua app. Áp dụng thứ 7 và Chủ Nhật đến hết 31/12/2025. Chi tiết tại highlandcoffee.com.vn.,Highlands Coffee tặng bạn mã HL30 giảm 30.000đ cho đơn từ 100.000đ khi đặt qua app. Áp dụng thứ 7 và Chủ Nhật đến hết 31/12/2025. Chi tiết tại highlandcoffee.com.vn.,pass,,generated,0,Quảng cáo hợp lệ,NONE,synthetic,synthetic_label_0
sms_norm_05136,Cuối tuần rực rỡ cùng MoMo! Nhận ngay voucher giảm 20.000đ khi thanh toán tại WinMart. Hạn dùng đến 30/06/2025. Mở ứng dụng MoMo và chọn ưu đãi của tôi để dùng ngay.,Cuối tuần rực rỡ cùng MoMo! Nhận ngay voucher giảm 20.000đ khi thanh toán tại WinMart. Hạn dùng đến 30/06/2025. Mở ứng dụng MoMo và chọn ưu đãi của tôi để dùng ngay.,pass,,generated,0,Quảng cáo hợp lệ,NONE,synthetic,synthetic_label_0
sms_norm_05137,WinMart ưu đãi cuối tuần: Mua combo 2 vỉ trứng gà giảm ngay 15%. Áp dụng cho hội viên WiN từ 25/05 đến 26/05/2025. Hotline: 18006968. Từ chối QC soạn TC gửi 8099.,WinMart ưu đãi cuối tuần: Mua combo 2 vỉ trứng gà giảm ngay 15%. Áp dụng cho hội viên WiN từ 25/05 đến 26/05/2025. Hotline: 18006968. Từ chối quảng cáo soạn TC gửi 8099.,pass,,generated,0,Quảng cáo hợp lệ,NONE,synthetic,synthetic_label_0
sms_norm_05138,KFC khao deal hời: Combo Gà Rán 2 người chỉ 159.000đ (giá gốc 210.000đ). Áp dụng ăn tại cửa hàng vào thứ 7 và Chủ Nhật đến 15/07/2025. Xem menu: kfc.com.vn.,KFC khao deal hời: Combo Gà Rán 2 người chỉ 159.000đ (giá gốc 210.000đ). Áp dụng ăn tại cửa hàng vào thứ 7 và Chủ Nhật đến 15/07/2025. Xem menu: kfc.com.vn.,pass,,generated,0,Quảng cáo hợp lệ,NONE,synthetic,synthetic_label_0
sms_norm_05139,GrabFood tặng mã CUOITUAN giảm 50% phí giao hàng cho đơn từ 120.000đ. Ưu đãi áp dụng đến hết ngày 31/10/2025. Đặt ngay tại ứng dụng Grab. Chi tiết: grab.com/vn.,GrabFood tặng mã CUOITUAN giảm 50% phí giao hàng cho đơn từ 120.000đ. Ưu đãi áp dụng đến hết ngày 31/10/2025. Đặt ngay tại ứng dụng Grab. Chi tiết: grab.com/vn.,pass,,generated,0,Quảng cáo hợp lệ,NONE,synthetic,synthetic_label_0
sms_norm_05140,Bách hóa xanh: Tặng phiếu mua hàng 50.000đ cho hóa đơn từ 500.000đ trong hai ngày cuối tuần này. Hạn dùng phiếu đến 20/08/2025. Liên hệ 19001908 để hỗ trợ.,Bách hóa xanh: Tặng phiếu mua hàng 50.000 đồng cho hóa đơn từ 500.000 đồng trong hai ngày cuối tuần này. Hạn dùng phiếu đến 20/08/2025. Liên hệ 19001908 để hỗ trợ.,pass,,generated,0,Quảng cáo hợp lệ,NONE,synthetic,synthetic_label_0
sms_norm_05141,"ZaloPay tặng bạn mã ZP15 giảm 15.000đ khi nạp điện thoại từ 100.000đ. Ưu đãi chỉ dành cho bạn, hết hạn vào ngày 30/09/2025. Truy cập ứng dụng ZaloPay để nhận quà.","ZaloPay tặng bạn mã ZP15 giảm 15.000 đồng khi nạp điện thoại từ 100.000 đồng. Ưu đãi chỉ dành cho bạn, hết hạn vào ngày 30/09/2025. Truy cập ứng dụng ZaloPay để nhận quà.",pass,,generated,0,Quảng cáo hợp lệ,NONE,synthetic,synthetic_label_0
sms_norm_05142,The Coffee House: Thưởng thức Trà Đào Cam Sả với mã TCHCUOITUAN giảm 20% trên app. Ưu đãi áp dụng đến 31/12/2025. Đặt ngay tại thecoffeehouse.com.,The Coffee House: Thưởng thức Trà Đào Cam Sả với mã TCHCUOITUAN giảm 20% trên app. Ưu đãi áp dụng đến 31/12/2025. Đặt ngay tại thecoffeehouse.com.,pass,,generated,0,Quảng cáo hợp lệ,NONE,synthetic,synthetic_label_0
sms_norm_05143,"ShopeePay tặng bạn voucher giảm 10% tối đa 50.000đ khi thanh toán hóa đơn điện, nước vào Chủ Nhật. Hạn dùng đến 31/08/2025. Mở Shopee chọn ShopeePay để dùng.","ShopeePay tặng bạn voucher giảm 10% tối đa 50.000 đồng khi thanh toán hóa đơn điện, nước vào Chủ Nhật. Hạn dùng đến 31/08/2025. Mở Shopee chọn ShopeePay để dùng.",pass,,generated,0,Quảng cáo hợp lệ,NONE,synthetic,synthetic_label_0
sms_norm_05144,Lotteria thông báo: Combo Burger tôm + Khoai tây chiên chỉ 65.000đ vào khung giờ 11h-14h thứ 7. Áp dụng đến hết 15/11/2025 tại các cửa hàng toàn quốc. Website: lotteria.vn.,Lotteria thông báo: Combo Burger tôm + Khoai tây chiên chỉ 65.000 đồng vào khung giờ 11 giờ - 14 giờ thứ 7. Áp dụng đến hết 15/11/2025 tại các cửa hàng toàn quốc. Website: lotteria.vn.,pass,,generated,0,Quảng cáo hợp lệ,NONE,synthetic,synthetic_label_0
sms_norm_05145,Co.opmart: Tặng 100 điểm thưởng cho hóa đơn từ 400.000đ khi mua sắm vào ngày Chủ Nhật. Áp dụng cho khách hàng thành viên đến 31/05/2025. Tổng đài: 1900555568.,Co.opmart: Tặng 100 điểm thưởng cho hóa đơn từ 400.000 đồng khi mua sắm vào ngày Chủ Nhật. Áp dụng cho khách hàng thành viên đến 31/05/2025. Tổng đài: 1900555568.,pass,,generated,0,Quảng cáo hợp lệ,NONE,synthetic,synthetic_label_0
sms_norm_05146,McDonald's: Bạn có 500 điểm tích lũy sắp hết hạn vào 31/12/2025. Hãy đổi ngay lấy Combo Big Mac tại ứng dụng McDonald's Việt Nam. Chi tiết tại mcdonalds.vn.,McDonald's: Bạn có 500 điểm tích lũy sắp hết hạn vào 31/12/2025. Hãy đổi ngay lấy Combo Big Mac tại ứng dụng McDonald's Việt Nam. Chi tiết tại mcdonalds.vn.,pass,,generated,0,Quảng cáo hợp lệ,NONE,synthetic,synthetic_label_0
sms_norm_05147,Jollibee tặng mã JOLLI20 giảm 20.000đ cho đơn hàng từ 150.000đ khi đặt qua hotline 19001533. Ưu đãi áp dụng các ngày cuối tuần đến hết 30/11/2025.,Jollibee tặng mã JOLLI20 giảm 20.000 đồng cho đơn hàng từ 150.000 đồng khi đặt qua hotline 19001533. Ưu đãi áp dụng các ngày cuối tuần đến hết 30/11/2025.,pass,,generated,0,Quảng cáo hợp lệ,NONE,synthetic,synthetic_label_0
sms_norm_05148,MoMo khao bạn deal ăn uống cuối tuần giảm đến 50.000đ khi thanh toán bằng mã QR. Hạn dùng đến 31/01/2026. Xem danh sách cửa hàng áp dụng tại ứng dụng MoMo. Tu choi QC soạn TC gửi 8788.,MoMo khuyến bạn deal ăn uống cuối tuần giảm đến 50.000 đồng khi thanh toán bằng mã QR. Hạn dùng đến 31/01/2026. Xem danh sách cửa hàng áp dụng tại ứng dụng MoMo. Từ chối quảng cáo soạn TC gửi 8788.,pass,,generated,0,Quảng cáo hợp lệ,NONE,synthetic,synthetic_label_0
sms_norm_05149,Highlands Coffee: Combo 2 Phin Sữa Đá size L chỉ 79.000đ áp dụng duy nhất Chủ Nhật tuần này. Đưa tin nhắn này cho nhân viên để nhận ưu đãi. Hạn dùng: 25/08/2025.,Highlands Coffee: Combo 2 Phin Sữa Đá size L chỉ 79.000 đồng áp dụng duy nhất Chủ Nhật tuần này. Đưa tin nhắn này cho nhân viên để nhận ưu đãi. Hạn dùng: 25/08/2025.,pass,,generated,0,Quảng cáo hợp lệ,NONE,synthetic,synthetic_label_0
sms_norm_05150,ZaloPay tặng bạn mã CASHBACK5 nhận hoàn tiền 5% khi thanh toán tại Jollibee vào thứ 7. Tối đa 20.000đ. Hạn sử dụng đến ngày 15/10/2025. Truy cập zalopay.vn để xem thêm.,ZaloPay tặng bạn mã CASHBACK5 nhận hoàn tiền 5% khi thanh toán tại Jollibee vào thứ 7. Tối đa 20.000 đồng. Hạn sử dụng đến ngày 15/10/2025. Truy cập zalopay.vn để xem thêm.,pass,,generated,0,Quảng cáo hợp lệ,NONE,synthetic,synthetic_label_0
sms_norm_05151,WinMart: Giảm giá 20% cho các mặt hàng thực phẩm tươi sống vào sáng Chủ Nhật hàng tuần. Áp dụng cho hội viên đến hết 31/12/2025. Truy cập winmart.vn để xem cẩm nang mua sắm.,WinMart: Giảm giá 20% cho các mặt hàng thực phẩm tươi sống vào sáng Chủ Nhật hàng tuần. Áp dụng cho hội viên đến hết 31/12/2025. Truy cập winmart.vn để xem cẩm nang mua sắm.,pass,,generated,0,Quảng cáo hợp lệ,NONE,synthetic,synthetic_label_0
sms_norm_05152,ShopeePay: Chúc mừng bạn đã thăng hạng Thành viên Bạc. Nhận ngay 2 mã miễn phí vận chuyển 25.000đ cho đơn từ 0đ. Hạn dùng 31/10/2025. Mở ví ShopeePay kiểm tra quà ngay.,ShopeePay: Chúc mừng bạn đã thăng hạng Thành viên Bạc. Nhận ngay 2 mã miễn phí vận chuyển 25.000 đồng cho đơn từ 0 đồng. Hạn dùng 31/10/2025. Mở ví ShopeePay kiểm tra quà ngay.,pass,,generated,0,Quảng cáo hợp lệ,NONE,synthetic,synthetic_label_0
sms_norm_05153,[GHN] Van don GHNR110424A9: Dang phan loai tai kho Ha Noi. Du kien giao 12/04 (tu 8h-18h). Theo doi tai https://ghn.vn,[GHN] Vận đơn GHNR110424A9: Đang phân loại tại kho Hà Nội. Dự kiến giao 12/04 (từ 8 giờ - 18 giờ). Theo dõi tại https://ghn.vn,pass,,generated,0,Vận chuyển,NONE,synthetic,synthetic_label_0
sms_norm_05154,GHTK-GHTK9928374650: Don hang dang phan loai tai kho TP.HCM. Du kien giao 13/04 (tu 13h-18h). Theo doi tai https://ghtk.vn,GHTK-GHTK9928374650: Đơn hàng 9928374650 đang phân loại tại kho TP.HCM. Dự kiến giao 13/04 (từ 13h - 18h). Theo dõi tại https://ghtk.vn,pass,,llm_revised,0,Vận chuyển,NONE,synthetic,synthetic_label_0
sms_norm_05155,[VTP] Ma van don VTP982312456: Dang phan loai tai kho Da Nang. Du kien giao 14/04 (tu 8h-12h).,[VTP] Mã vận đơn VTP982312456: Đang phân loại tại kho Đà Nẵng. Dự kiến giao 14/04 (từ 8 giờ - 12 giờ).,pass,,generated,0,Vận chuyển,NONE,synthetic,synthetic_label_0
sms_norm_05156,Ninja Van: Kien hang NVVN88273645 dang phan loai tai kho Binh Duong. Du kien giao ngay 15/04.,Ninja Van: Kiện hàng NVVN88273645 đang phân loại tại kho Bình Dương. Dự kiến giao ngay 15/04.,pass,,generated,0,Vận chuyển,NONE,synthetic,synthetic_label_0
sms_norm_05157,JT102938475621: Don hang dang o kho Ha Noi dang phan loai. Du kien giao 16/04 (tu 8h-18h).,JT102938475621: Đơn hàng đang ở kho Hà Nội đang phân loại. Dự kiến giao 16/04 (từ 8 giờ - 18 giờ).,pass,,generated,0,Vận chuyển,NONE,synthetic,synthetic_label_0
sms_norm_05158,Best Express: Van don BEST9928374651 dang phan loai tai kho TP.HCM. Du kien giao 17/04.,Best Express: Vận đơn BEST9928374651 đang phân loại tại kho TP.HCM. Dự kiến giao 17/04.,pass,,generated,0,Vận chuyển,NONE,synthetic,synthetic_label_0
sms_norm_05159,SPX Express: Don hang SPX9928374652 dang phan loai tai kho Da Nang. Du kien giao ngay 18/04.,SPX Express: Đơn hàng SPX9928374652 đang phân loại tại kho Đà Nẵng. Dự kiến giao ngay 18/04.,pass,,generated,0,Vận chuyển,NONE,synthetic,synthetic_label_0
sms_norm_05160,[GHN] Van don SHNR99283746: Dang phan loai tai kho Binh Duong. Du kien giao 19/04 (tu 13h-18h).,[GHN] Vận đơn SHNR99283746: Đang phân loại tại kho Bình Dương. Dự kiến giao 19/04 (từ 13h-18h).,pass,,generated,0,Vận chuyển,NONE,synthetic,synthetic_label_0
sms_norm_05161,GHTK-GHTK1122334455: Kien hang dang duoc phan loai tai kho Ha Noi. Du kien giao 20/04.,GHTK-GHTK1122334455: Kiện hàng đang được phân loại tại kho Hà Nội. Dự kiến giao 20/04.,pass,,generated,0,Vận chuyển,NONE,synthetic,synthetic_label_0
sms_norm_05162,[VTP] VTP554433221: Dang phan loai tai kho TP.HCM. Du kien giao 21/04 (tu 8h-12h).,[VTP] VTP554433221: Đang phân loại tại kho TP.HCM. Dự kiến giao 21/04 (từ 8h-12h).,pass,,generated,0,Vận chuyển,NONE,synthetic,synthetic_label_0
sms_norm_05163,Ninja Van: Don hang NVVN99887766 dang phan loai tai kho Da Nang. Du kien giao 22/04.,Ninja Van: Đơn hàng NVVN99887766 đang phân loại tại kho Đà Nẵng. Dự kiến giao 22/04.,pass,,generated,0,Vận chuyển,NONE,synthetic,synthetic_label_0
sms_norm_05164,JT998877665544: Kien hang dang phan loai tai kho Binh Duong. Du kien giao 23/04.,JT998877665544: Kiện hàng đang phân loại tại kho Bình Dương. Dự kiến giao 23/04.,pass,,generated,0,Vận chuyển,NONE,synthetic,synthetic_label_0
sms_norm_05165,[GHN] Van don GHNR22334455: Da giao thanh cong luc 09:15 ngay 11/04. Cam on ban da su dung dich vu GHN.,[GHN] Vận đơn GHNR22334455: Đã giao thành công lúc 09:15 ngày 11/04. Cảm ơn bạn đã sử dụng dịch vụ GHN.,pass,,generated,0,Vận chuyển,NONE,synthetic,synthetic_label_0
sms_norm_05166,GHTK-GHTK5566778899: Kien hang da giao thanh cong luc 14:20 ngay 12/04. Cam on ban da su dung dich vu.,GHTK-GHTK5566778899: Kiện hàng đã giao thành công lúc 14:20 ngày 12/04. Cảm ơn bạn đã sử dụng dịch vụ.,pass,,generated,0,Vận chuyển,NONE,synthetic,synthetic_label_0
sms_norm_05167,[VTP] VTP112233445: Don hang da giao thanh cong luc 10:30 ngay 13/04. Cam on quy khach.,[VTP] VTP112233445: Đơn hàng đã giao thành công lúc 10:30 ngày 13/04. Cảm ơn quý khách.,pass,,generated,0,Vận chuyển,NONE,synthetic,synthetic_label_0
sms_norm_05168,Ninja Van: NVVN11223344 da giao thanh cong luc 16:45 ngay 14/04. Cam on ban.,Ninja Van: NVVN11223344 đã giao thành công lúc 16:45 ngày 14/04. Cảm ơn bạn.,pass,,generated,0,Vận chuyển,NONE,synthetic,synthetic_label_0
sms_norm_05169,JT112233445566: Kien hang da giao thanh cong luc 11:00 ngay 15/04. Cam on ban da tin dung J&T Express.,JT112233445566: Kiện hàng đã giao thành công lúc 11:00 ngày 15/04. Cảm ơn bạn đã tin dùng J&T Express.,pass,,generated,0,Vận chuyển,NONE,synthetic,synthetic_label_0
sms_norm_05170,Best Express: BEST1122334455 da giao thanh cong luc 13:15 ngay 16/04. Cam on ban da su dung dich vu.,Best Express: BEST1122334455 đã giao thành công lúc 13:15 ngày 16/04. Cảm ơn bạn đã sử dụng dịch vụ.,pass,,generated,0,Vận chuyển,NONE,synthetic,synthetic_label_0
sms_norm_05171,SPX Express: Don hang SPX1122334455 da giao thanh cong luc 15:30 ngay 17/04. Cam on ban.,SPX Express: Đơn hàng SPX1122334455 đã giao thành công lúc 15:30 ngày 17/04. Cảm ơn bạn.,pass,,generated,0,Vận chuyển,NONE,synthetic,synthetic_label_0
sms_norm_05172,[GHN] Van don SHNR55667788: Da giao thanh cong luc 08:45 ngay 18/04. Cam on quy khach.,[GHN] Vận đơn SHNR55667788: Đã giao thành công lúc 08:45 ngày 18/04. Cảm ơn quý khách.,pass,,generated,0,Vận chuyển,NONE,synthetic,synthetic_label_0
sms_norm_05173,GHTK-GHTK4433221100: Kien hang da giao thanh cong luc 17:20 ngay 19/04. Cam on ban.,GHTK-GHTK4433221100: Kiện hàng đã giao thành công lúc 17:20 ngày 19/04. Cảm ơn bạn.,pass,,generated,0,Vận chuyển,NONE,synthetic,synthetic_label_0
sms_norm_05174,[VTP] VTP998877665: Don hang da giao thanh cong luc 14:10 ngay 20/04. Cam on ban.,[VTP] VTP998877665: Đơn hàng đã giao thành công lúc 14:10 ngày 20/04. Cảm ơn bạn.,pass,,generated,0,Vận chuyển,NONE,synthetic,synthetic_label_0
sms_norm_05175,Ninja Van: NVVN55443322 da giao thanh cong luc 09:50 ngay 21/04. Cam on ban.,Ninja Van: NVVN55443322 đã giao thành công lúc 09:50 ngày 21/04. Cảm ơn bạn.,pass,,generated,0,Vận chuyển,NONE,synthetic,synthetic_label_0
sms_norm_05176,JT887766554433: Kien hang da giao thanh cong luc 16:05 ngay 22/04. Cam on ban.,JT887766554433: Kiện hàng đã giao thành công lúc 16:05 ngày 22/04. Cảm ơn bạn.,pass,,generated,0,Vận chuyển,NONE,synthetic,synthetic_label_0
sms_norm_05177,[GHN] GHNR33445566: Giao khong thanh cong lan 3. Kien hang se duoc hoan ve cho nguoi gui. Lien he giao vien 0901234567.,[GHN] GHNR33445566: Giao không thành công lần 3. Kiện hàng sẽ được hoàn về cho người gửi. Liên hệ giao viên 0901234567.,pass,,generated,0,Vận chuyển,NONE,synthetic,synthetic_label_0
sms_norm_05178,GHTK-GHTK7788990011: Giao khong thanh cong lan 3. Don hang se chuyen trang thai hoan. Lien he: 0912345678.,GHTK-GHTK7788990011: Giao không thành công lần 3. Đơn hàng sẽ chuyển trạng thái hoàn. Liên hệ: 0912345678.,pass,,generated,0,Vận chuyển,NONE,synthetic,synthetic_label_0
sms_norm_05179,[VTP] VTP445566778: Giao khong thanh cong lan 3. Hang se duoc chuyen hoan ve nguoi gui. Lien he: 0923456789.,[VTP] VTP445566778: Giao không thành công lần 3. Hàng sẽ được chuyển hoàn về người gửi. Liên hệ: 0923456789.,pass,,generated,0,Vận chuyển,NONE,synthetic,synthetic_label_0
sms_norm_05180,Ninja Van: NVVN44556677 giao khong thanh cong lan 3. Don hang dang duoc hoan ve. Lien he: 0934567890.,Ninja Van: NVVN44556677 giao không thành công lần 3. Đơn hàng đang được hoàn về. Liên hệ: 0934567890.,pass,,generated,0,Vận chuyển,NONE,synthetic,synthetic_label_0
sms_norm_05181,JT445566778899: Giao khong thanh cong lan 3. Hang se duoc tra ve cho shop. Lien he giao vien: 0945678901.,J&T Express: JT445566778899 giao không thành công lần 3. Hàng sẽ được trả về cho shop. Liên hệ giao viên: 0945678901.,pass,,generated,0,Vận chuyển,NONE,synthetic,synthetic_label_0
sms_norm_05182,Best Express: BEST4455667788 giao khong thanh cong lan 3. Don hang se duoc hoan lai. Lien he: 0956789012.,Best Express: BEST4455667788 giao không thành công lần 3. Đơn hàng sẽ được hoàn lại. Liên hệ: 0956789012.,pass,,generated,0,Vận chuyển,NONE,synthetic,synthetic_label_0
sms_norm_05183,SPX Express: SPX4455667788 giao khong thanh cong lan 3. Kien hang dang cho hoan. Lien he: 0967890123.,SPX Express: SPX4455667788 giao không thành công lần 3. Kiện hàng đang chờ hoàn. Liên hệ: 0967890123.,pass,,generated,0,Vận chuyển,NONE,synthetic,synthetic_label_0
sms_norm_05184,[GHN] SHNR44556677: Giao khong thanh cong lan 3. Don hang se duoc hoan ve kho. Lien he: 0978901234.,[GHN] SHNR44556677: Giao không thành công lần 3. Đơn hàng sẽ được hoàn về kho. Liên hệ: 0978901234.,pass,,generated,0,Vận chuyển,NONE,synthetic,synthetic_label_0
sms_norm_05185,GHTK-GHTK2233445566: Giao khong thanh cong lan 3. Don hang dang chuyen hoan. Lien he giao vien: 0989012345.,Giao Hàng Tiết Kiệm: GHTK-GHTK2233445566 giao không thành công lần 3. Đơn hàng đang chuyển hoàn. Liên hệ giao viên: 0989012345.,pass,,generated,0,Vận chuyển,NONE,synthetic,synthetic_label_0
sms_norm_05186,[VTP] VTP667788990: Giao khong thanh cong lan 3. Kien hang se duoc hoan tra. Lien he: 0990123456.,[VTP] VTP667788990: Giao không thành công lần 3. Kiện hàng sẽ được hoàn trả. Liên hệ: 0990123456.,pass,,llm_revised,0,Vận chuyển,NONE,synthetic,synthetic_label_0
sms_norm_05187,[GHN] GHNR66778899: Giao vien se den lay hang luc 14h00. Vui long chuan bi kien hang. Chi tiet: https://ghn.vn,[GHN] GHNR66778899: Giao viên sẽ đến lấy hàng lúc 14h00. Vui lòng chuẩn bị kiện hàng. Chi tiết: https://ghn.vn,pass,,generated,0,Vận chuyển,NONE,synthetic,synthetic_label_0
sms_norm_05188,GHTK-GHTK6655443322: Giao vien se den lay hang luc 10h00. Vui long chuan bi san hang hoa.,Giao Hàng Tiết Kiệm: GHTK-GHTK6655443322 giao viên sẽ đến lấy hàng lúc 10h00. Vui lòng chuẩn bị sẵn hàng hóa.,pass,,generated,0,Vận chuyển,NONE,synthetic,synthetic_label_0
sms_norm_05189,[VTP] VTP223344556: Hen lay hang luc 15h30. Vui long chuan bi kien hang va giay to can thiet.,[VTP] VTP223344556 hẹn lấy hàng lúc 15h30. Vui lòng chuẩn bị kiện hàng và giấy tờ cần thiết.,pass,,llm_revised,0,Vận chuyển,NONE,synthetic,synthetic_label_0
sms_norm_05190,Ninja Van: NVVN33445566 se den lay hang luc 09h00. Vui long chuan bi kien hang.,Ninja Van: NVVN33445566 sẽ đến lấy hàng lúc 09h00. Vui lòng chuẩn bị kiện hàng.,pass,,generated,0,Vận chuyển,NONE,synthetic,synthetic_label_0
sms_norm_05191,JT334455667788: Giao vien hen lay hang luc 16h00. Vui long chuan bi san kien hang.,J&T Express: JT334455667788 giao viên hẹn lấy hàng lúc 16h00. Vui lòng chuẩn bị sẵn kiện hàng.,pass,,generated,0,Vận chuyển,NONE,synthetic,synthetic_label_0
sms_norm_05192,Best Express: BEST3344556677 se den lay hang luc 11h00 ngay mai. Vui long chuan bi kien hang.,Best Express: BEST3344556677 sẽ đến lấy hàng lúc 11h00 ngày mai. Vui lòng chuẩn bị kiện hàng.,pass,,generated,0,Vận chuyển,NONE,synthetic,synthetic_label_0
sms_norm_05193,GHN Van don GHNR1143891483: Dang phan loai tai kho Da Nang. Du kien giao 02/05 (tu 8h-12h). Theo doi tai https://ghn.vn,GHN Vận đơn GHNR1143891483: Đang phân loại tại kho Đà Nẵng. Dự kiến giao 02/05 (từ 8h-12h). Theo dõi tại https://ghn.vn,pass,,generated,0,Vận chuyển,NONE,synthetic,synthetic_label_0
sms_norm_05194,GHTK Kien hang GHTK6104889508 da giao thanh cong luc 08:35 hom nay. Cam on Quy khach da su dung dich vu.,Giao Hàng Tiết Kiệm kiện hàng GHTK6104889508 đã giao thành công lúc 08:35 hôm nay. Cảm ơn quý khách đã sử dụng dịch vụ.,pass,,generated,0,Vận chuyển,NONE,synthetic,synthetic_label_0
sms_norm_05195,VTP Van don VTP1320092268: Giao khong thanh cong lan 2. Vui long LH giao vien 0973652874 de hen gio giao lai.,[Viễn Tín Post] Vận đơn VTP1320092268: Giao không thành công lần 2. Vui lòng liên hệ giao viên 0973652874 để hẹn giờ giao lại.,pass,,generated,0,Vận chuyển,NONE,synthetic,synthetic_label_0
sms_norm_05196,J&T Express Van don JT19159800755 can duoc sap xep lai lich giao. Vui long tra loi SMS nay hoac LH CSKH de hen gio. (Hang cong kenh/nang),J&T Express Vận đơn JT19159800755 cần được sắp xếp lại lịch giao. Vui lòng trả lời SMS này hoặc liên hệ CSKH để hẹn giờ. (Hàng cộng kênh/nặng),pass,,generated,0,Vận chuyển,NONE,synthetic,synthetic_label_0
sms_norm_05197,Ninja Van Thong bao van don NVVN44402687 dang duoc phan loai tai kho TP.HCM. Du kien giao vao 02/05 trong khung gio 13h-18h.,Ninja Van Thông báo vận đơn NVVN44402687 đang được phân loại tại kho TP.HCM. Dự kiến giao vào 02/05 trong khung giờ 13h-18h.,pass,,generated,0,Vận chuyển,NONE,synthetic,synthetic_label_0
sms_norm_05198,Viettel Post Da giao thanh cong van don VTP526742511 vao luc 10:45. Cam on ban rat nhieu!,Viettel Post đã giao thành công vận đơn VTP526742511 vào lúc 10:45. Cảm ơn bạn rất nhiều!,pass,,generated,0,Vận chuyển,NONE,synthetic,synthetic_label_0
sms_norm_05199,J&T Express Giao hang that bai van don JT6428612185 lan 1. LH giao vien 0953041935 de sap xep giao lai.,J&T Express giao hàng thất bại vận đơn JT6428612185 lần 1. Liên hệ giao viên 0953041935 để sắp xếp giao lại.,pass,,generated,0,Vận chuyển,NONE,synthetic,synthetic_label_0
sms_norm_05200,"GHN De giao van don SHNR3609756182 (hang cong kenh), chung toi can hen gio giao lai. LH chung toi de chon gio thuan tien nhat.","GHN Đề giao vận đơn SHNR3609756182 (hàng cộng kênh), chúng tôi cần hẹn giờ giao lại. Liên hệ chúng tôi để chọn giờ thuận tiện nhất.",pass,,generated,0,Vận chuyển,NONE,synthetic,synthetic_label_0
sms_norm_05201,GHTK Van don GHTK8573219460 dang trong qua trinh phan loai tai kho Ha Noi. Du kien giao 03/05 (tu 8h-18h). Vui long truy cap https://ghtk.vn,GHTK Vận đơn GHTK8573219460 đang trong quá trình phân loại tại kho Hà Nội. Dự kiến giao 03/05 (từ 8h-18h). Vui lòng truy cập https://ghtk.vn,pass,,generated,0,Vận chuyển,NONE,synthetic,synthetic_label_0
sms_norm_05202,VTP Thong bao: Van don VTP476831092 cua ban da duoc giao thanh cong luc 11:20. Cam on da tin tuong Viettel Post!,VTP Thông báo: Vận đơn VTP476831092 của bạn đã được giao thành công lúc 11:20. Cảm ơn đã tin tưởng Viettel Post!,pass,,generated,0,Vận chuyển,NONE,synthetic,synthetic_label_0
sms_norm_05203,Ninja Van Van don NVVN60555365: Giao khong thanh cong lan 3. Vui long LH giao vien 0907123456 de hen gio giao lai.,Ninja Van Vận đơn NVVN60555365: Giao không thành công lần 3. Vui lòng liên hệ giao viên 0907123456 để hẹn giờ giao lại.,pass,,generated,0,Vận chuyển,NONE,synthetic,synthetic_label_0
sms_norm_05204,J&T Express Chung toi da nhan duoc yeu cau hen gio giao van don JT2756810293. J&T Express se giao vao 03/05 (tu 8h-12h).,J&T Express Chúng tôi đã nhận được yêu cầu hẹn giờ giao vận đơn JT2756810293. J&T Express sẽ giao vào 03/05 (từ 8h-12h).,pass,,generated,0,Vận chuyển,NONE,synthetic,synthetic_label_0
sms_norm_05205,GHN Kien hang GHNR3417596821 cua ban hien dang o kho Binh Duong de phan loai. Du kien giao den ban vao 02/05 (tu 8h-18h).,GHN Kiện hàng GHNR3417596821 của bạn hiện đang ở kho Bình Dương để phân loại. Dự kiến giao đến bạn vào 02/05 (từ 8h-18h).,pass,,generated,0,Vận chuyển,NONE,synthetic,synthetic_label_0
sms_norm_05206,GHTK Don hang GHTK1122334455 da giao thanh cong den ban luc 14:10. Rat mong duoc phuc vu ban lan sau!,GHTK Đơn hàng GHTK1122334455 đã giao thành công đến bạn lúc 14:10. Rất mong được phục vụ bạn lần sau!,pass,,generated,0,Vận chuyển,NONE,synthetic,synthetic_label_0
sms_norm_05207,"Viettel Post Xin loi, chung toi khong the giao van don VTP987654321 lan 1 hom nay. Vui long LH 0987654321 de duoc ho tro.","Viettel Post Xin lỗi, chúng tôi không thể giao vận đơn VTP987654321 lần 1 hôm nay. Vui lòng liên hệ 0987654321 để được hỗ trợ.",pass,,generated,0,Vận chuyển,NONE,synthetic,synthetic_label_0
sms_norm_05208,Ninja Van Van don NVVN10293847 (hang cong kenh) da duoc cap nhat lich giao. Chung toi se giao vao 02/05 (tu 13h-18h).,Ninja Van Vận đơn NVVN10293847 (hàng cộng kênh) đã được cập nhật lịch giao. Chúng tôi sẽ giao vào 02/05 (từ 13h-18h).,pass,,generated,0,Vận chuyển,NONE,synthetic,synthetic_label_0
sms_norm_05209,J&T Express Thong tin van don JT5060708090 tu J&T Express: Hang dang phan loai tai kho Ha Noi. Giao trong 03/05 (tu 8h-18h). Link https://jtexpress.vn,J&T Express Thông tin vận đơn JT5060708090 từ J&T Express: Hàng đang phân loại tại kho Hà Nội. Giao trong 03/05 (từ 8h-18h). Link https://jtexpress.vn,pass,,generated,0,Vận chuyển,NONE,synthetic,synthetic_label_0
sms_norm_05210,"GHN Chuc mung! Van don SHNR9876543210 cua ban da duoc giao thanh cong luc 16:50. Tran trong, GHN.","GHN Chúc mừng! Vận đơn SHNR9876543210 của bạn đã được giao thành công lúc 16:50. Trân trọng, GHN.",pass,,generated,0,Vận chuyển,NONE,synthetic,synthetic_label_0
sms_norm_05211,GHTK Thong bao: Kien hang GHTK0011223344 giao that bai lan 2 do khong lien lac duoc. LH giao vien 0911223344.,GHTK Thông báo: Kiện hàng GHTK0011223344 giao thất bại lần 2 do không liên lạc được. Liên hệ giao viên 0911223344.,pass,,generated,0,Vận chuyển,NONE,synthetic,synthetic_label_0
sms_norm_05212,"VTP De giao van don VTP1234567890 (hang nang), chung toi can hen gio giao lai. LH chung toi de chon gio thuan tien nhat.","VTP Đề giao vận đơn VTP1234567890 (hàng nặng), chúng tôi cần hẹn giờ giao lại. Liên hệ chúng tôi để chọn giờ thuận tiện nhất.",pass,,generated,0,Vận chuyển,NONE,synthetic,synthetic_label_0
sms_norm_05213,Ninja Van Ninja Van Van don NVVN12345678: Dang phan loai tai kho Da Nang. Du kien giao 03/05 (tu 8h-12h). Theo doi tai https://ninjavan.co,Ninja Van Ninja Van Vận đơn NVVN12345678: Đang phân loại tại kho Đà Nẵng. Dự kiến giao 03/05 (từ 8h-12h). Theo dõi tại https://ninjavan.co,pass,,generated,0,Vận chuyển,NONE,synthetic,synthetic_label_0
sms_norm_05214,J&T Express J&T Express Kien hang JT123456789012 da giao thanh cong luc 17:05 hom nay. Cam on Quy khach da su dung dich vu.,J&T Express J&T Express Kiện hàng JT123456789012 đã giao thành công lúc 17:05 hôm nay. Cảm ơn Quý khách đã sử dụng dịch vụ.,pass,,generated,0,Vận chuyển,NONE,synthetic,synthetic_label_0
sms_norm_05215,GHN Van don SHNR0987654321: Giao khong thanh cong lan 1. Vui long LH giao vien 0909876543 de hen gio giao lai.,GHN Vận đơn SHNR0987654321: Giao không thành công lần 1. Vui lòng liên hệ giao viên 0909876543 để hẹn giờ giao lại.,pass,,generated,0,Vận chuyển,NONE,synthetic,synthetic_label_0
sms_norm_05216,GHTK GHTK Thong bao: Chung toi da nhan yeu cau hen giao lai van don GHTK5432109876. Se giao vao 02/05 (tu 13h-18h).,GHTK GHTK Thông báo: Chúng tôi đã nhận yêu cầu hẹn giao lại vận đơn GHTK5432109876. Sẽ giao vào 02/05 (từ 13h-18h).,pass,,generated,0,Vận chuyển,NONE,synthetic,synthetic_label_0
sms_norm_05217,Viettel Post Kien hang VTP2345678901 cua ban hien dang o kho TP.HCM de phan loai. Du kien giao den ban vao 03/05 (tu 8h-18h).,Viettel Post Kiện hàng VTP2345678901 của bạn hiện đang ở kho TP.HCM để phân loại. Dự kiến giao đến bạn vào 03/05 (từ 8h-18h).,pass,,generated,0,Vận chuyển,NONE,synthetic,synthetic_label_0
sms_norm_05218,Ninja Van Don hang NVVN98765432 da giao thanh cong den ban luc 09:30. Rat mong duoc phuc vu ban lan sau!,Ninja Van Đơn hàng NVVN98765432 đã giao thành công đến bạn lúc 09:30. Rất mong được phục vụ bạn lần sau!,pass,,generated,0,Vận chuyển,NONE,synthetic,synthetic_label_0
sms_norm_05219,J&T Express Van don JT112233445566 cua J&T Express giao khong thanh cong lan 3. LH giao vien 0922334455 de ho tro.,J&T Express Vận đơn JT112233445566 của J&T Express giao không thành công lần 3. Liên hệ giao viên 0922334455 để hỗ trợ.,pass,,generated,0,Vận chuyển,NONE,synthetic,synthetic_label_0
sms_norm_05220,GHN GHN Thong bao: Chung toi da nhan yeu cau hen giao lai van don GHNR4567890123. Se giao vao 03/05 (tu 8h-12h).,GHN Thông báo: Chúng tôi đã nhận yêu cầu hẹn giao lại vận đơn GHNR4567890123. Sẽ giao vào 03/05 (từ 8h-12h).,pass,,generated,0,Vận chuyển,NONE,synthetic,synthetic_label_0
sms_norm_05221,GHTK GHTK Van don GHTK0192837465 dang trong qua trinh phan loai tai kho Binh Duong. Du kien giao 02/05 (tu 8h-18h). Vui long truy cap https://ghtk.vn,GHTK GHTK Vận đơn GHTK0192837465 đang trong quá trình phân loại tại kho Bình Dương. Dự kiến giao 02/05 (từ 8h-18h). Vui lòng truy cập https://ghtk.vn,pass,,generated,0,Vận chuyển,NONE,synthetic,synthetic_label_0
sms_norm_05222,VTP Viettel Post Da giao thanh cong van don VTP0987654321 vao luc 15:40. Cam on ban rat nhieu!,VTP Viettel Post Đã giao thành công vận đơn VTP0987654321 vào lúc 15:40. Cảm ơn bạn rất nhiều!,pass,,generated,0,Vận chuyển,NONE,synthetic,synthetic_label_0
sms_norm_05223,Ninja Van Thong bao: Kien hang NVVN77665544 giao that bai lan 1 do khong lien lac duoc. LH giao vien 0933445566.,Ninja Van Thông báo: Kiện hàng NVVN77665544 giao thất bại lần 1 do không liên lạc được. Liên hệ giao viên 0933445566.,pass,,generated,0,Vận chuyển,NONE,synthetic,synthetic_label_0
sms_norm_05224,J&T Express J&T Express Van don JT998877665544 (hang nang) can duoc sap xep lai lich giao. Vui long tra loi SMS nay hoac LH CSKH de hen gio.,J&T Express J&T Express Vận đơn JT998877665544 (hàng nặng) cần được sắp xếp lại lịch giao. Vui lòng trả lời SMS này hoặc liên hệ CSKH để hẹn giờ.,pass,,generated,0,Vận chuyển,NONE,synthetic,synthetic_label_0
sms_norm_05225,GHN Thong tin van don GHNR6789012345 tu GHN: Hang dang phan loai tai kho Ha Noi. Giao trong 03/05 (tu 8h-18h). Link https://ghn.vn,GHN Thông tin vận đơn GHNR6789012345 từ GHN: Hàng đang phân loại tại kho Hà Nội. Giao trong 03/05 (từ 8h-18h). Link https://ghn.vn,pass,,generated,0,Vận chuyển,NONE,synthetic,synthetic_label_0
sms_norm_05226,"GHTK Chuc mung! Van don GHTK1029384756 cua ban da duoc giao thanh cong luc 13:15. Tran trong, GHTK.","GHTK Chúc mừng! Vận đơn GHTK1029384756 của bạn đã được giao thành công lúc 13:15. Trân trọng, GHTK.",pass,,generated,0,Vận chuyển,NONE,synthetic,synthetic_label_0
sms_norm_05227,Viettel Post Van don VTP8877665544: Giao khong thanh cong lan 2. Vui long LH giao vien 0944556677 de hen gio giao lai.,Viettel Post Vận đơn VTP8877665544: Giao không thành công lần 2. Vui lòng liên hệ giao viên 0944556677 để hẹn giờ giao lại.,pass,,generated,0,Vận chuyển,NONE,synthetic,synthetic_label_0
sms_norm_05228,Ninja Van Chung toi da nhan duoc yeu cau hen gio giao van don NVVN11223344. Ninja Van se giao vao 02/05 (tu 13h-18h).,Ninja Van Chúng tôi đã nhận được yêu cầu hẹn giờ giao vận đơn NVVN11223344. Ninja Van sẽ giao vào 02/05 (từ 13h-18h).,pass,,generated,0,Vận chuyển,NONE,synthetic,synthetic_label_0
sms_norm_05229,J&T Express Kien hang JT001122334455 cua ban hien dang o kho Da Nang de phan loai. Du kien giao den ban vao 03/05 (tu 8h-18h).,J&T Express Kiện hàng JT001122334455 của bạn hiện đang ở kho Đà Nẵng để phân loại. Dự kiến giao đến bạn vào 03/05 (từ 8h-18h).,pass,,generated,0,Vận chuyển,NONE,synthetic,synthetic_label_0
sms_norm_05230,GHN GHN Kien hang SHNR2233445566 da giao thanh cong luc 11:00 hom nay. Cam on Quy khach da su dung dich vu.,GHN GHN Kiện hàng SHNR2233445566 đã giao thành công lúc 11:00 hôm nay. Cảm ơn quý khách đã sử dụng dịch vụ.,pass,,generated,0,Vận chuyển,NONE,synthetic,synthetic_label_0
sms_norm_05231,"GHTK Xin loi, chung toi khong the giao van don GHTK9988776655 lan 3 hom nay. Vui long LH 0955667788 de duoc ho tro.","GHTK Xin lỗi, chúng tôi không thể giao vận đơn GHTK9988776655 lần 3 hôm nay. Vui lòng liên hệ 0955667788 để được hỗ trợ.",pass,,generated,0,Vận chuyển,NONE,synthetic,synthetic_label_0
sms_norm_05232,Viettel Post Van don VTP7766554433 (hang cong kenh) da duoc cap nhat lich giao. Chung toi se giao vao 03/05 (tu 8h-12h).,Viettel Post Vận đơn VTP7766554433 (hàng cồng kềnh) đã được cập nhật lịch giao. Chúng tôi sẽ giao vào 03/05 (từ 8h-12h).,pass,,generated,0,Vận chuyển,NONE,synthetic,synthetic_label_0
sms_norm_05233,BV Bach Mai thong bao: Be NGUYEN THI MAI ANH co lich tiem vaccine phong cum vao 9h30 ngay 15/05/2024 tai Phong Tiem chung. Vui long den dung gio.,BV Bạch Mai thông báo: Bé NGUYỄN THỊ MẠI ANH có lịch tiêm vaccine phòng cúm vào 9h30 ngày 15/05/2024 tại Phòng Tiêm chủng. Vui lòng đến đúng giờ.,pass,,generated,0,Dịch vụ y tế,NONE,synthetic,synthetic_label_0
sms_norm_05234,BV Nhi TW nhac lich tiem vaccine 6in1 cho be TRAN VAN HUNG luc 10h ngay 20/05/2024 tai Phong 102 nha. LH 0901234567 neu can doi lich.,BV Nhi TW nhắc lịch tiêm vaccine 6in1 cho bé TRẦN VĂN HÙNG lúc 10h ngày 20/05/2024 tại Phòng 102 nhà L. Liên hệ 0901234567 nếu cần đổi lịch.,pass,,generated,0,Dịch vụ y tế,NONE,synthetic,synthetic_label_0
sms_norm_05235,VNPT Health: Ma xac thuc cua ban la 123456. Co hieu luc trong 5 phut. KHONG chia se ma nay voi bat ky ai.,VNPT Health: Mã xác thực của bạn là 123456. Có hiệu lực trong 5 phút. KHÔNG chia sẻ mã này với bất kỳ ai.,pass,,generated,0,Dịch vụ y tế,NONE,synthetic,synthetic_label_0
sms_norm_05236,BV Viet Duc thong bao: Ket qua xet nghiem tong quat cua be LE THI THANH HUONG da co. Vui long tai kham vao 14h ngay 25/05/2024 de bac si tu van.,BV Việt Đức thông báo: Kết quả xét nghiệm tổng quát của bé LÊ THỊ THANH HƯƠNG đã có. Vui lòng tái khám vào 14h ngày 25/05/2024 để bác sĩ tư vấn.,pass,,generated,0,Dịch vụ y tế,NONE,synthetic,synthetic_label_0
sms_norm_05237,Lich tiem vaccine lao cho be PHAM MINH QUAN tai BV Dai hoc Y HN vao 8h ngay 18/05/2024 tai Phong Tiem chung.,Lịch tiêm vaccine lao cho bé PHẠM MINH QUÂN tại BV Đại học Y HN vào 8h ngày 18/05/2024 tại Phòng Tiêm chủng.,pass,,generated,0,Dịch vụ y tế,NONE,synthetic,synthetic_label_0
sms_norm_05238,Medpro: OTP cua ban la 789012. Ma co hieu luc trong 3 phut.,Medpro: OTP của bạn là 789012. Mã có hiệu lực trong 3 phút.,pass,,generated,0,Dịch vụ y tế,NONE,synthetic,synthetic_label_0
sms_norm_05239,BV Cho Ray thong bao: Ket qua xet nghiem vaccine cua be DO THI THU THAO da co. Xem chi tiet tai: choray.vn/kq. Tai kham 16h ngay 28/05/2024.,BV Chợ Rẫy thông báo: Kết quả xét nghiệm vaccine của bé ĐỖ THỊ THỦ THẢO đã có. Xem chi tiết tại: choray.vn/kq. Tái khám 16h ngày 28/05/2024.,pass,,generated,0,Dịch vụ y tế,NONE,synthetic,synthetic_label_0
sms_norm_05240,Phong kham Au Co nhac ban: Be HOANG VAN LONG co lich tiem vaccine thuong xuyen luc 14h ngay 22/05/2024 tai Phong Tiem chung. LH 0778899000 neu can.,Phòng khám Âu Cơ nhắc bạn: Bé HOÀNG VĂN LONG có lịch tiêm vaccine thường xuyên lúc 14h ngày 22/05/2024 tại Phòng Tiêm chủng. Liên hệ 0778899000 nếu cần.,pass,,generated,0,Dịch vụ y tế,NONE,synthetic,synthetic_label_0
sms_norm_05241,eHospital: Ma xac thuc dang nhap la 345678. Ma nay co hieu luc trong 10 phut.,eHospital: Mã xác thực đăng nhập là 345678. Mã này có hiệu lực trong 10 phút.,pass,,generated,0,Dịch vụ y tế,NONE,synthetic,synthetic_label_0
sms_norm_05242,BV 108 thong bao: Lich tiem vaccine cho be BUI THI YEN vao 9h00 ngay 21/05/2024 tai Khoa Nhi.,Bệnh viện 108 thông báo: Lịch tiêm vaccine cho bé BÙI THỊ YẾN vào 9h00 ngày 21/05/2024 tại Khoa Nhi.,pass,,generated,0,Dịch vụ y tế,NONE,synthetic,synthetic_label_0
sms_norm_05243,BV Nhan Dan 115: Ket qua xet nghiem vaccine cua be PHAN ANH DUY da duoc cap nhat. Bac si yeu cau tai kham luc 10h ngay 30/05/2024.,Bệnh viện Nhân Dân 115: Kết quả xét nghiệm vaccine của bé PHAN ANH DŨY đã được cập nhật. Bác sĩ yêu cầu tái khám lúc 10h ngày 30/05/2024.,pass,,generated,0,Dịch vụ y tế,NONE,synthetic,synthetic_label_0
sms_norm_05244,BV Viet Duc nhac lich tiem vaccine cho be VU THI PHUONG luc 8h30 ngay 23/05/2024 tai Phong Tiem chung. Hotline 02438253531 de duoc ho tro.,Bệnh viện Việt Đức nhắc lịch tiêm vaccine cho bé VŨ THỊ PHƯỢNG lúc 8h30 ngày 23/05/2024 tại Phòng Tiêm chủng. Hotline 02438253531 để được hỗ trợ.,pass,,generated,0,Dịch vụ y tế,NONE,synthetic,synthetic_label_0
sms_norm_05245,BookingCare: Ma OTP cua ban la 901234. Ma nay co gia tri trong 5 phut.,BookingCare: Mã OTP của bạn là 901234. Mã này có giá trị trong 5 phút.,pass,,generated,0,Dịch vụ y tế,NONE,synthetic,synthetic_label_0
sms_norm_05246,BV Nhi TW nhac be DANG HUU NGHIA co lich tiem vaccine tai Phong 203 luc 15h ngay 24/05/2024 nhe.,Bệnh viện Nhi TƯ nhắc bé ĐẶNG HỮU NGHĨA có lịch tiêm vaccine tại Phòng 203 lúc 15h ngày 24/05/2024 nhé.,pass,,generated,0,Dịch vụ y tế,NONE,synthetic,synthetic_label_0
sms_norm_05247,BV Bach Mai thong bao: Ket qua xet nghiem cua be TRUONG THI NGOC da co. Moi QK tai kham luc 14h30 ngay 01/06/2024. LH 02438693739.,Bệnh viện Bạch Mai thông báo: Kết quả xét nghiệm của bé TRƯƠNG THỊ NGỌC đã có. Mời quý khách tái khám lúc 14h30 ngày 01/06/2024. Liên hệ 02438693739.,pass,,generated,0,Dịch vụ y tế,NONE,synthetic,synthetic_label_0
sms_norm_05248,BV Dai hoc Y HN: Nhac lich tiem vaccine mui 2 cho be HO SY TOAN vao 10h00 ngay 26/05/2024 tai Phong Kham nhi tong hop. Vui long den dung gio.,Bệnh viện Đại học Y Hà Nội: Nhắc lịch tiêm vaccine mũi 2 cho bé HỒ SỸ TOÀN vào 10h00 ngày 26/05/2024 tại Phòng Khám nhi tổng hợp. Vui lòng đến đúng giờ.,pass,,generated,0,Dịch vụ y tế,NONE,synthetic,synthetic_label_0
sms_norm_05249,Medpro: Ma xac thuc giao dich la 654321. Ma nay co hieu luc trong 3 phut.,Medpro: Mã xác thực giao dịch là 654321. Mã này có hiệu lực trong 3 phút.,pass,,generated,0,Dịch vụ y tế,NONE,synthetic,synthetic_label_0
sms_norm_05250,BV Cho Ray thong bao: Ket qua xet nghiem be CAO THI THUY LINH da co. Moi QK den Khoa Nhi de nhan ket qua.,Bệnh viện Chợ Rẫy thông báo: Kết quả xét nghiệm bé CAO THỊ THỦY LINH đã có. Mời quý khách đến Khoa Nhi để nhận kết quả.,pass,,generated,0,Dịch vụ y tế,NONE,synthetic,synthetic_label_0
sms_norm_05251,BV 108 nhac ban: Be LY VAN SY co lich tiem vaccine Viem gan B luc 11h ngay 27/05/2024 tai Phong Tiem chung nha. Co gi goi 0901234567.,Bệnh viện 108 nhắc bạn: Bé LÝ VĂN SỸ có lịch tiêm vaccine Viêm gan B lúc 11h ngày 27/05/2024 tại Phòng Tiêm chủng nhà. Có gì gọi 0901234567.,pass,,generated,0,Dịch vụ y tế,NONE,synthetic,synthetic_label_0
sms_norm_05252,VNPT Health: Ma OTP cua ban la 112233. Co hieu luc trong 10 phut.,VNPT Health: Mã OTP của bạn là 112233. Có hiệu lực trong 10 phút.,pass,,generated,0,Dịch vụ y tế,NONE,synthetic,synthetic_label_0
sms_norm_05253,BV Nhi TW nhac lich tai kham dinh ky cho be DINH THI LAN vao 8h30 ngay 03/06/2024 tai Khoa Dinh duong. De theo doi suc khoe sau tiem.,Bệnh viện Nhi TƯ nhắc lịch tái khám định kỳ cho bé ĐINH THỊ LAN vào 8h30 ngày 03/06/2024 tại Khoa Dinh dưỡng. Để theo dõi sức khỏe sau tiêm.,pass,,generated,0,Dịch vụ y tế,NONE,synthetic,synthetic_label_0
sms_norm_05254,Moi QK NGO MINH KHOI den Phong Tiem chung BV Bach Mai luc 10h ngay 29/05/2024 de tiem vaccine.,Mời quý khách NGÔ MINH KHOI đến Phòng Tiêm chủng Bệnh viện Bạch Mai lúc 10h ngày 29/05/2024 để tiêm vaccine.,pass,,generated,0,Dịch vụ y tế,NONE,synthetic,synthetic_label_0
sms_norm_05255,eHospital: Ma xac thuc cua ban la 445566. Co hieu luc trong 5 phut.,eHospital: Mã xác thực của bạn là 445566. Có hiệu lực trong 5 phút.,pass,,generated,0,Dịch vụ y tế,NONE,synthetic,synthetic_label_0
sms_norm_05256,Phong kham Au Co nhac ban: Be LE THI THANH HUONG co lich tiem vaccine tai Phong Tiem chung vao 16h ngay 30/05/2024. Goi 0778899000 nhe!,Phòng khám Âu Cơ nhắc bạn: Bé LÊ THỊ THANH HƯƠNG có lịch tiêm vaccine tại Phòng Tiêm chủng vào 16h ngày 30/05/2024. Gọi 0778899000 nhé!,pass,,generated,0,Dịch vụ y tế,NONE,synthetic,synthetic_label_0
sms_norm_05257,BV Nhan Dan 115 nhac be TRAN VAN HUNG co lich tiem vaccine cum tai Khoa Nhi luc 9h ngay 31/05/2024.,Bệnh viện Nhân Dân 115 nhắc bé TRẦN VĂN HÙNG có lịch tiêm vaccine cúm tại Khoa Nhi lúc 9h ngày 31/05/2024.,pass,,generated,0,Dịch vụ y tế,NONE,synthetic,synthetic_label_0
sms_norm_05258,BV Viet Duc nhac ban: Ket qua xet nghiem tong quat cua be NGUYEN THI MAI ANH da co. Hay den tai kham 15h ngay 05/06/2024. Sdt 02438253531.,Bệnh viện Việt Đức nhắc bạn: Kết quả xét nghiệm tổng quát của bé NGUYỄN THỊ MAI ANH đã có. Hãy đến tái khám 15h ngày 05/06/2024. SĐT 02438253531.,pass,,generated,0,Dịch vụ y tế,NONE,synthetic,synthetic_label_0
sms_norm_05259,[MSB] Ma OTP: 739281. Su dung trong 5 phut. KHONG chia se ma nay voi bat ky ai.,[MSB] Mã OTP: 739281. Sử dụng trong 5 phút. KHÔNG chia sẻ mã này với bất kỳ ai.,pass,,generated,0,Ngân hàng thật,NONE,synthetic,synthetic_label_0
sms_norm_05260,[MB] TK 473928****1234 -1.500.000VND luc 14:05. So du: 25.345.678VND.,[MB] Tài khoản 473928****1234 -1.500.000 đồng lúc 14:05. Số dư: 25.345.678 đồng.,pass,,generated,0,Ngân hàng thật,NONE,synthetic,synthetic_label_0
sms_norm_05261,ACB: Quy khach co 1850 diem thuong sap het han vao 12/07. Vui long doi diem tai acb.com.vn/uu-dai de khong bo lo uu dai.,ACB: Quý khách có 1.850 điểm thưởng sắp hết hạn vào 12/07. Vui lòng đổi điểm tại acb.com.vn/uu-dai để không bỏ lỡ ưu đãi.,pass,,generated,0,Ngân hàng thật,NONE,synthetic,synthetic_label_0
sms_norm_05262,[VCB] Ma OTP: 847392. Su dung trong 5 phut. KHONG chia se ma nay voi bat ky ai.,[VCB] Mã OTP: 847392. Sử dụng trong 5 phút. KHÔNG chia sẻ mã này với bất kỳ ai.,pass,,generated,0,Ngân hàng thật,NONE,synthetic,synthetic_label_0
sms_norm_05263,Agribank: TK ****7890 +2.345.000VND luc 10:15. So du: 123.456.789VND.,Agribank: Tài khoản ****7890 +2.345.000 đồng lúc 10:15. Số dư: 123.456.789 đồng.,pass,,generated,0,Ngân hàng thật,NONE,synthetic,synthetic_label_0
sms_norm_05264,Techcombank: Thong bao thay doi mot so dieu khoan dich vu tu ngay 10/05. Chi tiet vui long truy cap techcombank.com.vn/thongbao hoac lien he 1800588822.,Techcombank: Thông báo thay đổi một số điều khoản dịch vụ từ ngày 10/05. Chi tiết vui lòng truy cập techcombank.com.vn/thongbao hoặc liên hệ 1800588822.,pass,,generated,0,Ngân hàng thật,NONE,synthetic,synthetic_label_0
sms_norm_05265,[BIDV] Ma OTP: 192837. Su dung trong 10 phut. KHONG chia se ma nay voi bat ky ai.,[BIDV] Mã OTP: 192837. Sử dụng trong 10 phút. KHÔNG chia sẻ mã này với bất kỳ ai.,pass,,generated,0,Ngân hàng thật,NONE,synthetic,synthetic_label_0
sms_norm_05266,Sacombank: TK 876543****2109 +750.000VND luc 09:45. So du: 45.678.901VND.,Sacombank: Tài khoản 876543****2109 +750.000 đồng lúc 09:45. Số dư: 45.678.901 đồng.,pass,,generated,0,Ngân hàng thật,NONE,synthetic,synthetic_label_0
sms_norm_05267,VIB: The tin dung ****5678 cua Quy khach co du no 12.500.000VND den han thanh toan 05/05. Vui long thanh toan truoc 03/05.,VIB: Thẻ tín dụng ****5678 của Quý khách có dư nợ 12.500.000 đồng đến hạn thanh toán 05/05. Vui lòng thanh toán trước 03/05.,pass,,generated,0,Ngân hàng thật,NONE,synthetic,synthetic_label_0
sms_norm_05268,SHB: TK ****4321 -250.000VND luc 11:20. So du: 10.123.456VND.,SHB: Tài khoản ****4321 -250.000 đồng lúc 11:20. Số dư: 10.123.456 đồng.,pass,,generated,0,Ngân hàng thật,NONE,synthetic,synthetic_label_0
sms_norm_05269,HDBank: Ma OTP: 937465. Su dung trong 3 phut. KHONG chia se ma nay voi bat ky ai.,HDBank: Mã OTP: 937465. Sử dụng trong 3 phút. KHÔNG chia sẻ mã này với bất kỳ ai.,pass,,generated,0,Ngân hàng thật,NONE,synthetic,synthetic_label_0
sms_norm_05270,TPBank: TK 987654****3210 +1.200.000VND luc 16:30. So du: 78.901.234VND.,TPBank: Tài khoản 987654****3210 +1.200.000 đồng lúc 16:30. Số dư: 78.901.234 đồng.,pass,,generated,0,Ngân hàng thật,NONE,synthetic,synthetic_label_0
sms_norm_05271,OCB: Ma OTP: 567890. Su dung trong 5 phut. KHONG chia se ma nay voi bat ky ai.,OCB: Mã OTP: 567890. Sử dụng trong 5 phút. KHÔNG chia sẻ mã này với bất kỳ ai.,pass,,generated,0,Ngân hàng thật,NONE,synthetic,synthetic_label_0
sms_norm_05272,VPBank: The tin dung 123456****7890 cua Quy khach co du no 5.000.000VND den han thanh toan 08/05. Vui long thanh toan truoc 06/05.,VPBank: Thẻ tín dụng 123456****7890 của Quý khách có dư nợ 5.000.000 đồng đến hạn thanh toán 08/05. Vui lòng thanh toán trước 06/05.,pass,,generated,0,Ngân hàng thật,NONE,synthetic,synthetic_label_0
sms_norm_05273,[MB] TK ****9012 -5.000.000VND luc 08:00. So du: 50.000.000VND.,[MB] Tài khoản ****9012 -5.000.000 đồng lúc 08:00. Số dư: 50.000.000 đồng.,pass,,generated,0,Ngân hàng thật,NONE,synthetic,synthetic_label_0
sms_norm_05274,[VCB] TK 123456****7890 +10.000.000VND luc 15:50. So du: 200.000.000VND.,[VCB] Tài khoản 123456****7890 +10.000.000 đồng lúc 15:50. Số dư: 200.000.000 đồng.,pass,,generated,0,Ngân hàng thật,NONE,synthetic,synthetic_label_0
sms_norm_05275,Techcombank: Ma OTP: 456789. Su dung trong 10 phut. KHONG chia se ma nay voi bat ky ai.,Techcombank: Mã OTP: 456789. Sử dụng trong 10 phút. KHÔNG chia sẻ mã này với bất kỳ ai.,pass,,generated,0,Ngân hàng thật,NONE,synthetic,synthetic_label_0
sms_norm_05276,ACB: TK ****0987 -300.000VND luc 13:10. So du: 30.500.000VND.,ACB: Tài khoản ****0987 -300.000 đồng lúc 13:10. Số dư: 30.500.000 đồng.,pass,,generated,0,Ngân hàng thật,NONE,synthetic,synthetic_label_0
sms_norm_05277,BIDV: Quy khach co 3200 diem thuong sap het han vao 20/08. Vui long doi diem tai bidv.com.vn/khuyenmai de khong bo lo uu dai.,BIDV: Quý khách có 3.200 điểm thưởng sắp hết hạn vào 20/08. Vui lòng đổi điểm tại bidv.com.vn/khuyenmai để không bỏ lỡ ưu đãi.,pass,,generated,0,Ngân hàng thật,NONE,synthetic,synthetic_label_0
sms_norm_05278,VPBank: TK ****6543 +8.900.000VND luc 17:00. So du: 85.000.000VND.,VPBank: Tài khoản ****6543 +8.900.000 đồng lúc 17:00. Số dư: 85.000.000 đồng.,pass,,generated,0,Ngân hàng thật,NONE,synthetic,synthetic_label_0
sms_norm_05279,TPBank: Thong bao thay doi mot so dieu khoan dich vu tu ngay 15/05. Chi tiet vui long truy cap tpbank.com.vn/dichvu hoac lien he 19009988.,TPBank: Thông báo thay đổi một số điều khoản dịch vụ từ ngày 15/05. Chi tiết vui lòng truy cập tpbank.com.vn/dichvu hoặc liên hệ 19009988.,pass,,generated,0,Ngân hàng thật,NONE,synthetic,synthetic_label_0
sms_norm_05280,Agribank: Ma OTP: 210987. Su dung trong 3 phut. KHONG chia se ma nay voi bat ky ai.,Agribank: Mã OTP: 210987. Sử dụng trong 3 phút. KHÔNG chia sẻ mã này với bất kỳ ai.,pass,,generated,0,Ngân hàng thật,NONE,synthetic,synthetic_label_0
sms_norm_05281,[GHN] Van don GHNR240328S6L2: Dang phan loai tai kho Da Nang. Du kien giao 29/03 (tu 8h-18h). Xem hanh trinh tai https://ghn.vn.,[GHN] Vận đơn GHNR240328S6L2: Đang phân loại tại kho Đà Nẵng. Dự kiến giao 29/03 (từ 8h-18h). Xem hành trình tại https://ghn.vn.,pass,,generated,0,Vận chuyển,NONE,synthetic,synthetic_label_0
sms_norm_05282,[SPX Express] Ma van don: SPX1414408103. Giao khong thanh cong lan 1. Lien he giao vien: 0915995831.,[SPX Express] Mã vận đơn: SPX1414408103. Giao không thành công lần 1. Liên hệ giao viên: 0915995831.,pass,,generated,0,Vận chuyển,NONE,synthetic,synthetic_label_0
sms_norm_05283,[J&T Express] Van don JT193021946028: Tai xe se den lay hang luc sang mai. Vui long chuan bi kien hang.,[J&T Express] Vận đơn JT193021946028: Tài xế sẽ đến lấy hàng lúc sáng mai. Vui lòng chuẩn bị kiện hàng.,pass,,generated,0,Vận chuyển,NONE,synthetic,synthetic_label_0
sms_norm_05284,Thong bao tu GHTK: Van don GHTK4709829775 dang duoc phan loai tai kho Ha Noi. Chung toi du kien giao hang den ban vao 29/03 trong khung gio tu 8h-12h. Vui long theo doi hanh trinh tai https://ghtk.vn. Cam on!,Thông báo từ GHTK: Vận đơn GHTK4709829775 đang được phân loại tại kho Hà Nội. Chúng tôi dự kiến giao hàng đến bạn vào 29/03 trong khung giờ từ 8h-12h. Vui lòng theo dõi hành trình tại https://ghtk.vn. Cảm ơn!,pass,,generated,0,Vận chuyển,NONE,synthetic,synthetic_label_0
sms_norm_05285,[Best Express] Kien hang BEST5629471190 da giao thanh cong luc 13:40. Cam on da su dung dich vu.,[Best Express] Kiện hàng BEST5629471190 đã giao thành công lúc 13:40. Cảm ơn đã sử dụng dịch vụ.,pass,,generated,0,Vận chuyển,NONE,synthetic,synthetic_label_0
sms_norm_05286,Xac nhan tu Viettel Post: Kien hang voi ma van don VTPD0I787U8G da duoc giao thanh cong den ban luc 15:05 hom nay. Mong ban hai long voi dich vu cua chung toi. Tran trong!,Xác nhận từ Viettel Post: Kiện hàng với mã vận đơn VTPD0I787U8G đã được giao thành công đến bạn lúc 15:05 hôm nay. Mong bạn hài lòng với dịch vụ của chúng tôi. Trân trọng!,pass,,generated,0,Vận chuyển,NONE,synthetic,synthetic_label_0
sms_norm_05287,[Ninja Van] Van don NVVNB7K53P71: Tai xe se den lay hang luc 10h sang. Vui long chuan bi kien hang.,[Ninja Van] Vận đơn NVVNB7K53P71: Tài xế sẽ đến lấy hàng lúc 10h sáng. Vui lòng chuẩn bị kiện hàng.,pass,,generated,0,Vận chuyển,NONE,synthetic,synthetic_label_0
sms_norm_05288,"Thong bao tu SPX Express: Chung toi rat tiec, van don SPX4713735070 cua ban da giao khong thanh cong lan 1. Vui long lien he giao vien 0907579169 de thong nhat lai lich giao. Xin cam on!","Thông báo từ SPX Express: Chúng tôi rất tiếc, vận đơn SPX4713735070 của bạn đã giao không thành công lần 1. Vui lòng liên hệ giao viên 0907579169 để thống nhất lại lịch giao. Xin cảm ơn!",pass,,generated,0,Vận chuyển,NONE,synthetic,synthetic_label_0
sms_norm_05289,[GHTK] Kien hang GHTK3399477028 da giao thanh cong luc 11:35. Cam on da su dung dich vu.,[GHTK] Kiện hàng GHTK3399477028 đã giao thành công lúc 11:35. Cảm ơn đã sử dụng dịch vụ.,pass,,generated,0,Vận chuyển,NONE,synthetic,synthetic_label_0
sms_norm_05290,[Viettel Post] Van don VTPG04S7N151: Dang phan loai tai kho Ha Noi. Du kien giao 29/03 (tu 8h-18h). Xem hanh trinh tai https://viettelpost.vn.,[Viettel Post] Vận đơn VTPG04S7N151: Đang phân loại tại kho Hà Nội. Dự kiến giao 29/03 (từ 8h-18h). Xem hành trình tại https://viettelpost.vn.,pass,,generated,0,Vận chuyển,NONE,synthetic,synthetic_label_0
sms_norm_05291,[GHN] Kien hang GHNR240328P6K4 da giao thanh cong luc 10:20. Cam on da su dung dich vu.,[GHN] Kiện hàng GHNR240328P6K4 đã giao thành công lúc 10:20. Cảm ơn đã sử dụng dịch vụ.,pass,,generated,0,Vận chuyển,NONE,synthetic,synthetic_label_0
sms_norm_05292,"Thong bao tu J&T Express: Chung toi rat tiec, van don JT132961858711 cua ban da giao khong thanh cong lan 1. Vui long lien he giao vien 0914841774 de thong nhat lai lich giao. Xin cam on!","Thông báo từ J&T Express: Chúng tôi rất tiếc, vận đơn JT132961858711 của bạn đã giao không thành công lần 1. Vui lòng liên hệ giao viên 0914841774 để thống nhất lại lịch giao. Xin cảm ơn!",pass,,generated,0,Vận chuyển,NONE,synthetic,synthetic_label_0
sms_norm_05293,[Ninja Van] Ma van don: NVVNCB4E3O1U. Giao khong thanh cong lan 1. Lien he giao vien: 0969502931.,[Ninja Van] Mã vận đơn: NVVNCB4E3O1U. Giao không thành công lần 1. Liên hệ giao viên: 0969502931.,pass,,generated,0,Vận chuyển,NONE,synthetic,synthetic_label_0
sms_norm_05294,[Best Express] Van don BEST8122247547: Tai xe se den lay hang luc chieu nay. Vui long chuan bi kien hang.,[Best Express] Vận đơn BEST8122247547: Tài xế sẽ đến lấy hàng lúc chiều nay. Vui lòng chuẩn bị kiện hàng.,pass,,generated,0,Vận chuyển,NONE,synthetic,synthetic_label_0
sms_norm_05295,Thong bao tu SPX Express: Tai xe cua chung toi se den lay kien hang voi ma van don SPX3448405021 vao hom nay luc sau 13h. Xin vui long dam bao kien hang da duoc dong goi san sang. Tran trong!,Thông báo từ SPX Express: Tài xế của chúng tôi sẽ đến lấy kiện hàng với mã vận đơn SPX3448405021 vào hôm nay lúc sau 13h. Xin vui lòng đảm bảo kiện hàng đã được đóng gói sẵn sàng. Trân trọng!,pass,,generated,0,Vận chuyển,NONE,synthetic,synthetic_label_0
sms_norm_05296,Thong bao tu GHN: Van don GHNR240328N1C6 dang duoc phan loai tai kho Binh Duong. Chung toi du kien giao hang den ban vao 29/03 trong khung gio tu 13h-18h. Vui long theo doi hanh trinh tai https://ghn.vn. Cam on!,Thông báo từ GHN: Vận đơn GHNR240328N1C6 đang được phân loại tại kho Bình Dương. Chúng tôi dự kiến giao hàng đến bạn vào 29/03 trong khung giờ từ 13h-18h. Vui lòng theo dõi hành trình tại https://ghn.vn. Cảm ơn!,pass,,generated,0,Vận chuyển,NONE,synthetic,synthetic_label_0
sms_norm_05297,[GHTK] Ma van don: GHTK8707663273. Giao khong thanh cong lan 1. Lien he giao vien: 0947761014.,[GHTK] Mã vận đơn: GHTK8707663273. Giao không thành công lần 1. Liên hệ giao viên: 0947761014.,pass,,generated,0,Vận chuyển,NONE,synthetic,synthetic_label_0
sms_norm_05298,[Viettel Post] Kien hang VTPV0G0I3144 da giao thanh cong luc 16:30. Cam on da su dung dich vu.,[Viettel Post] Kiện hàng VTPV0G0I3144 đã giao thành công lúc 16:30. Cảm ơn đã sử dụng dịch vụ.,pass,,generated,0,Vận chuyển,NONE,synthetic,synthetic_label_0
sms_norm_05299,Xac nhan tu Ninja Van: Kien hang voi ma van don NVVN4E7W1G8J da duoc giao thanh cong den ban luc 11:20 hom nay. Mong ban hai long voi dich vu cua chung toi. Tran trong!,Xác nhận từ Ninja Van: Kiện hàng với mã vận đơn NVVN4E7W1G8J đã được giao thành công đến bạn lúc 11:20 hôm nay. Mong bạn hài lòng với dịch vụ của chúng tôi. Trân trọng!,pass,,generated,0,Vận chuyển,NONE,synthetic,synthetic_label_0
sms_norm_05300,[Best Express] Ma van don: BEST7771746206. Giao khong thanh cong lan 1. Lien he giao vien: 0907577545.,[Best Express] Mã vận đơn: BEST7771746206. Giao không thành công lần 1. Liên hệ giao viên: 0907577545.,pass,,generated,0,Vận chuyển,NONE,synthetic,synthetic_label_0
sms_norm_05301,Thong bao tu SPX Express: Van don SPX8750654050 dang duoc phan loai tai kho TP.HCM. Chung toi du kien giao hang den ban vao 29/03 trong khung gio tu 8h-18h. Vui long theo doi hanh trinh tai https://spx.vn. Cam on!,Thông báo từ SPX Express: Vận đơn SPX8750654050 đang được phân loại tại kho TP.HCM. Chúng tôi dự kiến giao hàng đến bạn vào 29/03 trong khung giờ từ 8h-18h. Vui lòng theo dõi hành trình tại https://spx.vn. Cảm ơn!,pass,,generated,0,Vận chuyển,NONE,synthetic,synthetic_label_0
sms_norm_05302,[GHN] Van don GHNR240328Q9A0: Tai xe se den lay hang luc 10h sang. Vui long chuan bi kien hang.,[GHN] Vận đơn GHNR240328Q9A0: Tài xế sẽ đến lấy hàng lúc 10h sáng. Vui lòng chuẩn bị kiện hàng.,pass,,generated,0,Vận chuyển,NONE,synthetic,synthetic_label_0
sms_norm_05303,[GHTK] Ma van don: GHTK3783968600. Giao khong thanh cong lan 1. Lien he giao vien: 0915995831.,[GHTK] Mã vận đơn: GHTK3783968600. Giao không thành công lần 1. Liên hệ giao viên: 0915995831.,pass,,generated,0,Vận chuyển,NONE,synthetic,synthetic_label_0
sms_norm_05304,Xac nhan tu Viettel Post: Kien hang voi ma van don VTPD2P4J0S4H da duoc giao thanh cong den ban luc 14:10 hom nay. Mong ban hai long voi dich vu cua chung toi. Tran trong!,Xác nhận từ Viettel Post: Kiện hàng với mã vận đơn VTPD2P4J0S4H đã được giao thành công đến bạn lúc 14:10 hôm nay. Mong bạn hài lòng với dịch vụ của chúng tôi. Trân trọng!,pass,,generated,0,Vận chuyển,NONE,synthetic,synthetic_label_0
sms_norm_05305,[J&T Express] Kien hang JT146039534947 da giao thanh cong luc 10:45. Cam on da su dung dich vu.,[J&T Express] Kiện hàng JT146039534947 đã giao thành công lúc 10:45. Cảm ơn đã sử dụng dịch vụ.,pass,,generated,0,Vận chuyển,NONE,synthetic,synthetic_label_0
sms_norm_05306,"Thong bao tu Ninja Van: Chung toi rat tiec, van don NVVN1P5K3H7L cua ban da giao khong thanh cong lan 1. Vui long lien he giao vien 0980072691 de thong nhat lai lich giao. Xin cam on!","Thông báo từ Ninja Van: Chúng tôi rất tiếc, vận đơn NVVN1P5K3H7L của bạn đã giao không thành công lần 1. Vui lòng liên hệ giao viên 0980072691 để thống nhất lại lịch giao. Xin cảm ơn!",pass,,generated,0,Vận chuyển,NONE,synthetic,synthetic_label_0
sms_norm_05307,Thong bao tu SPX Express: Tai xe cua chung toi se den lay kien hang voi ma van don SPX8415754593 vao 29/03 luc chieu nay. Xin vui long dam bao kien hang da duoc dong goi san sang. Tran trong!,Thông báo từ SPX Express: Tài xế của chúng tôi sẽ đến lấy kiện hàng với mã vận đơn SPX8415754593 vào 29/03 lúc chiều nay. Xin vui lòng đảm bảo kiện hàng đã được đóng gói sẵn sàng. Trân trọng!,pass,,generated,0,Vận chuyển,NONE,synthetic,synthetic_label_0
sms_norm_05308,[GHN] Kien hang GHNR240328N1C6 da giao thanh cong luc 17:15. Cam on da su dung dich vu.,[GHN] Kiện hàng GHNR240328N1C6 đã giao thành công lúc 17:15. Cảm ơn đã sử dụng dịch vụ.,pass,,generated,0,Vận chuyển,NONE,synthetic,synthetic_label_0
sms_norm_05309,"Thong bao tu GHTK: Chung toi rat tiec, van don GHTK2135017260 cua ban da giao khong thanh cong lan 1. Vui long lien he giao vien 0976543210 de thong nhat lai lich giao. Xin cam on!","Thông báo từ GHTK: Chúng tôi rất tiếc, vận đơn GHTK2135017260 của bạn đã giao không thành công lần 1. Vui lòng liên hệ giao viên 0976543210 để thống nhất lại lịch giao. Xin cảm ơn!",pass,,generated,0,Vận chuyển,NONE,synthetic,synthetic_label_0
sms_norm_05310,[Viettel Post] Van don VTPJ3K9D7P1R: Tai xe se den lay hang luc truoc 12h trua. Vui long chuan bi kien hang.,[Viettel Post] Vận đơn VTPJ3K9D7P1R: Tài xế sẽ đến lấy hàng lúc trước 12h trưa. Vui lòng chuẩn bị kiện hàng.,pass,,generated,0,Vận chuyển,NONE,synthetic,synthetic_label_0
sms_norm_05311,[J&T Express] Ma van don: JT110987654321. Giao khong thanh cong lan 1. Lien he giao vien: 0912345678.,[J&T Express] Mã vận đơn: JT110987654321. Giao không thành công lần 1. Liên hệ giao viên: 0912345678.,pass,,generated,0,Vận chuyển,NONE,synthetic,synthetic_label_0
sms_norm_05312,Xac nhan tu Best Express: Kien hang voi ma van don BEST1234567890 da duoc giao thanh cong den ban luc 09:30 hom nay. Mong ban hai long voi dich vu cua chung toi. Tran trong!,Xác nhận từ Best Express: Kiện hàng với mã vận đơn BEST1234567890 đã được giao thành công đến bạn lúc 09:30 hôm nay. Mong bạn hài lòng với dịch vụ của chúng tôi. Trân trọng!,pass,,generated,0,Vận chuyển,NONE,synthetic,synthetic_label_0
sms_norm_05313,[SPX Express] Kien hang SPX9876543210 da giao thanh cong luc 14:25. Cam on da su dung dich vu.,[SPX Express] Kiện hàng SPX9876543210 đã giao thành công lúc 14:25. Cảm ơn đã sử dụng dịch vụ.,pass,,generated,0,Vận chuyển,NONE,synthetic,synthetic_label_0
sms_norm_05314,Thong bao tu GHN: Van don GHNR240328X2Y4 dang duoc phan loai tai kho TP.HCM. Chung toi du kien giao hang den ban vao 29/03 trong khung gio tu 8h-12h. Vui long theo doi hanh trinh tai https://ghn.vn. Cam on!,Thông báo từ GHN: Vận đơn GHNR240328X2Y4 đang được phân loại tại kho TP.HCM. Chúng tôi dự kiến giao hàng đến bạn vào 29/03 trong khung giờ từ 8h-12h. Vui lòng theo dõi hành trình tại https://ghn.vn. Cảm ơn!,pass,,generated,0,Vận chuyển,NONE,synthetic,synthetic_label_0
sms_norm_05315,[GHTK] Van don GHTK5432109876: Tai xe se den lay hang luc 14h chieu. Vui long chuan bi kien hang.,[GHTK] Vận đơn GHTK5432109876: Tài xế sẽ đến lấy hàng lúc 14h chiều. Vui lòng chuẩn bị kiện hàng.,pass,,generated,0,Vận chuyển,NONE,synthetic,synthetic_label_0
sms_norm_05316,[Viettel Post] Ma van don: VTPM5L7N9K2J. Giao khong thanh cong lan 1. Lien he giao vien: 0901234567.,[Viettel Post] Mã vận đơn: VTPM5L7N9K2J. Giao không thành công lần 1. Liên hệ giao viên: 0901234567.,pass,,generated,0,Vận chuyển,NONE,synthetic,synthetic_label_0
sms_norm_05317,[J&T Express] Kien hang JT178901234567 da giao thanh cong luc 16:00. Cam on da su dung dich vu.,[J&T Express] Kiện hàng JT178901234567 đã giao thành công lúc 16:00. Cảm ơn đã sử dụng dịch vụ.,pass,,generated,0,Vận chuyển,NONE,synthetic,synthetic_label_0
sms_norm_05318,[GHN] Van don GHNR240415001: Dang phan loai tai kho Ha Noi. Du kien giao 16/04 (tu 8h-18h). Theo doi tai ghn.vn,[GHN] Vận đơn GHNR240415001: Đang phân loại tại kho Hà Nội. Dự kiến giao 16/04 (từ 8h-18h). Theo dõi tại ghn.vn,pass,,generated,0,Vận chuyển,NONE,synthetic,synthetic_label_0
sms_norm_05319,[VTP] Ma van don VTP2781345123: Giao khong thanh cong lan 1. Vui long lien he giao vien 0987654321 de dat lai lich giao.,[VTP] Mã vận đơn VTP2781345123: Giao không thành công lần 1. Vui lòng liên hệ giao viên 0987654321 để đặt lại lịch giao.,pass,,generated,0,Vận chuyển,NONE,synthetic,synthetic_label_0
sms_norm_05320,GHTK-GHTK1234567891: Kien hang da giao thanh cong luc 11:30 ngay 15/04. Cam on ban da su dung dich vu.,GHTK-GHTK1234567891: Kiện hàng đã giao thành công lúc 11:30 ngày 15/04. Cảm ơn bạn đã sử dụng dịch vụ.,pass,,generated,0,Vận chuyển,NONE,synthetic,synthetic_label_0
