content,label,data_origin
Chứ lúc thích thật thì chỉ dám nép ở góc tường từ xa nhìn ng ta,0,external_real
nhìn xem đay là 1 hay 2ng vậy pà con,0,external_real
Nhìn thấy khách nợ 1 năm rồi ngại k dám ngẩng mặt lên,0,external_curated
Nhận bóng làm ck mà!!!,0,external_real
dạ bạn e cũng làm ngân hàng,0,external_curated
Xe nổ máy thì cứ gọi còn xe tắt máy thì liệu hồn gọi là nhan viên bật lại ngay,0,external_curated
Đời lắm ng thích ko làm mà đòi có ăn :))),0,external_real
Tiểu học thôi chứ c2 là k còn quả nào đâu :)),0,external_real
Trộm vía là h việc nhẹ lương cao phụ huynh thì siêu đáng yêu,0,external_curated
29t lương cb 4.528.000 vnđ,0,external_curated
Nhưng mà chốt câu vẫn là đưa tk đây,0,external_curated
Vô cty rồi nhưng nt xin lên phòng trễ 20p,0,external_curated
"bạn ơi, công an vs tòa án triệu tập sẽ gửi giấy về nhà, nên là đừng tin gì liên hệ qua ĐT, nhớ nhắc ba mẹ ở nhà nữa nhé",0,external_curated
"cứ bình tĩnh, ny chị Hảo giờ chắc đang học lớp 9",0,external_real
Mà nghe nhiều vụ án mới thấy công an mình giỏi nhg cũng nhờ dân mình quá nhiệt tình trình báo luôn,0,external_curated
Chồng teo thà mất tiền chứ nhất quyết kg bao giờ chịu đòi.,0,external_curated
"dạo này mình mơi dạy, khó khăn hơn mình nghĩ và cũng thấy khá là thú vị hehe (có 55k thôi nhưng cũng dc ròi)",0,external_curated
"Xấu mặt dân Hp đi ngta là con gái hô hoán lao đánh đ hiểu nghĩ gì ,mấy ng đánh đ nghĩ rằng ví dụ con gái mình ra đường bị thế thì nghĩ sao ?",0,external_curated
nhìn z chứ kh ph z=)),0,external_real
cta nên đeo cái nì,0,external_real
hồi đó mẹ sắm cho cọng dây chiền đeo mà t cũng cắm lấy 5tr đi Vũng Tàu  trùng hợp quãi đạn,0,external_curated
"E k biết đủ hay ko nhưng tính sơ sơ 1 tháng mất 4-5tr cho th cu con tiền học mẫu giáo, sữa , bỉm vs lặt vặt của nó",0,external_curated
Nh khi buộc phải làm vì ng t muốn gửi k dùng tóp tóp,0,external_real
ngày trc vào mình thì chắc còn độc lá,0,external_real
"Gu của bn mình là phim ""chữa lành"" nhỉ",0,external_real
"Nhiều vợ chồng , làm ở kcn, lương tổng hai ng nới được 15tr mà vẫn con cái học đàng hoàng mà.",0,external_curated
Có lẽ nào GÀ sắp tuyệt chủng rồi ko?,0,external_real
Tình trạng chung của ae lấy vợ rồi,0,external_real
ăn tàn phá hại như mấy con nứng lol trên tiktok thì có 50 tr cũng đell đủ cho nó sài.,0,external_curated
lúc nào gọi về mẹ cũng hỏi sắp về chưa mẹ phần đồ ăn cho đó còn thằng e thì cũng hỏi t sắp về chưa nhưng là để nó dọn hết đống đồ ăn nó tích trong tủ trước khi t về em ún mất nết vl,0,external_real
Disney có tuyển vai câm ko e ko bt nói tiếng anh,0,external_curated
Ck nước mình chịu thương chịu khó thì đéo chịu lấy,0,external_curated
"Tôi kể về người bạn trong tưởng tượng, ngay chiều hôm đó tôi có mặt ở văn phòng bs tâm lý",0,external_curated
Tết này chắc ko có gà ngậm hoa hồng rồi,0,external_curated
ngta hỏi k có cx ngại mà có cho vay r k dám đòi cx vid ngại,0,external_curated
"các b cứ yên tâm, bộ ngoại giao thì phản đối chứ bộ quốc phòng thì vẫn sẵn sàng, nói chung là tầm vài năm nữa TQ nó hoàn thiện rồi trao trả lại cho mình, mình đỡ đc bao nhiêu việc",0,external_curated
K cục súc mà xem video muốn cục súc vđ,0,external_curated
:)) ngược lại r may quá,0,external_real
"Cứ nhìn mặt khứa này là nhớ tới cái cảnh ổng dô trụ sở công an nói có nàng tiên cá bắt ổng, xong 2 cha công an làm khùng làm điên cười muốn xĩu",0,external_curated
lương bạn nam 10tr mà lương bạn nữ chưa tới con số đó thì cũng k nên dè bỉu,0,external_curated
Thấy mấy ae đòi nợ bên FE nên bão trọng,0,external_curated
Không chứng minh được thu nhập hơn chồng thì làm sao giành quyền nuôi con với ngta được,0,external_curated
mọi ng dạo này khẩu vị bị làm sao ấy nhở?,0,external_real
"Ủa nma trừ quả chanh thì đồ cắt dở hay vd thức ăn dư bỏ tủ phải bọc lại chứ ạ, giả sử ko dùng màng bọc tp thì cũng phải cho vô hộp hoặc bỏ túi bóng buộc lại chứ ta, sợ mùi các thứ ám nhau vs nhiễm khuẩn chéo lắm",0,external_curated
xem tuyển tập phim chữa lành Thái Lan khum :))),0,external_curated
Kiện cho cả họ nhà nó lên phường xem nó còn hổ báo cáo chồn đc ko.,0,external_curated
Món này bán ở dâu vậy ạ mng ?,0,external_real
Ta cưới là ta cưới mặt thằng nào như mặt anh này mặt này thương vợ còn mấy cái thằng bth mới giết vợ đánh vợ đó kkk,0,external_real
A e bên thuế vụ rất thích điều này,0,external_curated
"k bt trl nó bảo mình chảnh , cay vãi =))",0,external_curated
nhìn vậy mà kêu ko chuyên,0,external_real
phải học theo giọng cừi mới đc,0,external_real
cf sao quay phòng chi z,0,external_curated
Câu chiện tình dã man...,0,external_real
"chả thế ak, t bảo mẹ t đi làm nma t bảo lương t có 2tr thôi, còn lương thật thì...",0,external_curated
"Hôn x t mất cmn hứng luôn , xong 2 vck cãi nhau , thế là mỗi đứa 1 góc giường",0,external_curated
Nước đi này tại hạ đ lường trước được,0,external_curated
Ngta thì bắt con cái kết hôn còn nhà mình thì ngược lại,0,external_real
cái này với túi phân bón nữa là đúng kiểu thương hiệu túi VN với ng nước ngoài,0,external_real
Không ngờ tới đoạn này chứ giề,0,external_real
hõng có có giọng mỉa mai xỏ lá dị nha,0,external_real
gần nhà kao mà kao ch ik lần nào chỉ có ik ngang:)),0,external_real
"Chanel màu đỏ tươi :))) mịn và che dc vân môi, đánh dày và ăn gian ra ngoài chút màu đỏ sang lắm",0,external_real
"mấy thằng HP bị đá đểu ăn hoa cải thay cơm đ biết nhục còn lấy làm vinh hạnh, hở tí là ra cái vẻ giang hồ cơ",0,external_curated
"Giống cô Lee Boojin ghê, thích kiểu đẹp sắc sảo tri thức lắm luôn, nhan sắc có thể phai nhạt theo thời gian nhưng khí chất k bao giờ biến mất",0,external_real
"T thích ng đẹp trai, nên chỉ cần đẹp trai là t quẹt phải",0,external_real
Đang nói tui đó hả tr,0,external_real
Cười ỉa cười tụt si lips cười đái tháo đường cười ko lối thoát,0,external_real
bánh kem còn to hơn sn t nữa,0,external_real
"Sao trước ce tung hô bảo chỉ cần lấy giống tây cho con đẹp là được, giờ thì khóc thuê làm gì",0,external_real
chứ đưa lên nhiều v k phát uổng lắm,0,external_real
tìm 1 con ship về coii,0,external_real
kiếm tiền đi cái này lè,0,external_curated
Lên tiktok thì đạo lý quan trọng tụi m có làm được hay không thôi,0,external_real
gia đình sức khoẻ tiền mới qt bạn ko coa thì thôi,0,external_real
Tẩy chay đi mn ơi,0,external_real
Thui đi zai tập trung mà học đi,0,external_real
ce mh còn ko có rau mà cuộn,0,external_real
e nghĩ đến c …,0,external_real
"Nuôi chó mà nhốt lại, t nhốt m một năm xem m có ra cắn ng ko",0,external_real
mẹ ơi con xin lõy,0,external_real
s nhiều ng zô nói 10tr sống khoẻ sống zui mà 2vc mình làm quá chời thấy cũng thiếu zị ba,0,external_curated
già thì mình đóng vai bố vai mẹ đẹp vẫn đc mà,0,external_real
"Càng ngày càng xinh á trời quoiiii, chị đẹpppppp",0,external_real
"thẫn thờ thiệt á, đổi đời dc như này lun á hả",0,external_real
"Xin chào mn ạ, đây là chiếc page nhỏ của tụi mình, mong thời gian tới được mn ghé thăm và follow ủng hộ ạ",0,external_real
đúng là ng hải phòng ko lòng vòng,0,external_curated
dẫn tráu tới đây cho 2 ngày k còn quả nào luôn,0,external_real
"Muốn ăn mà đéo muốn trả , Nói FE thì ai chả biết, v sao biết mà vẫn đâm đầu vào, hốc đc trả đc chứ đã chơi ngu còn ngông thế này , gđ nhà bạn gái kiện bỏ mẹ nó đi.",0,external_curated
tính xin 5 trịu đi đâu nè =)))))))))))))),0,external_curated
Sau khi đòi nợ bất thành mình rút ra 1 kinh nghiệm là từ giờ có thừa tiền đi nhóm bếp cũng đell bh cho đứa nào vay,0,external_curated
"Bà mie,vẫn thốn đến tận bây giờ.",0,external_real
"Ờ tưởng ko ăn thịt mỡ bị mắng vô duyên thì hơi quá, nhưng mà bới đồ ăn thì vô cmn duyên rồi dỗi hờn j nữa",0,external_curated
"hên quá, mình 5tr vẫn có ck, jo thì mjh k lương luôn rồi",0,external_curated
lâu r xem lại vẫn đ thể không cười được :)),0,external_curated
tui nhìn tin nhắn cụa  nhắn lạt nhách quá nên tui ko rep :))),0,external_real
"Nhắm k ăn đc thì k gắp, bới bị nói là đúng ùi",0,external_real
"Ngta đổi đời thì enjoy, hạnh phúc lắm, còn mình thì",0,external_real
kiến thức kì quái này đã đc tiếp thu =))))))),0,external_real
Cno dáng đẹp hơn cả mình :)),0,external_curated
"Thằng điên, gặp t, t chạy liền ngay và lập tức",0,external_real
"Đúng ời, kg phải nói chớ, tui làm lương tháng 30tr,  tới 15 tây là nhận 5tr5 còn 24tr5 còn lại thì tui dề ngủ mơ tiếp",0,external_curated
"Mang tin nhắn ra trình báo công an thôi bạn, trình báo rõ ràng sự việc, công an gọi đôi bên ra giải quyết, chứ gặp riêng nch nó nổi điên lên thì mình thiệt thân thôi b",0,external_curated
ra dẻ r mà đ ai im,0,external_curated
"lương ks 3000 , thấy các bạn trẻ kiếm tiền dễ ghê",0,external_curated
"T nghĩ là ai cũng 1 thời như vậy , đổ hết sức lực , thời gian , gia đình lẫn bạn bè và những mqh khác chỉ để cày bừa vào công việc nhưng cái nhận lại là sự sụt giảm về tư tưởng cũng như sức khoẻ",0,external_real
vãi chg t ko ngờ mày là như vậy,0,external_curated
"Hoa Duong đưngf có thử nka, nghiện ah",0,external_real
chỉ muốn nói bằng mọi giá sẽ lo cho gia đình vk con một cuộc sống mở mắt ra là có người nt đòi nợ,0,external_curated
k nói đâu chỉ lẳng lặng làm r qtam những thứ nhỏ nhặt nhất,0,external_real
cơ mà giờ đã có bí kíp của ad ròi,0,external_real
rõ ràng là cơm choá,0,external_real
Ướt mưa quen r ko cần che nữa :))))),0,external_real
"Bọn này nó thích ăn thịt mày thế nhỉ  , cno chế đủ món",0,external_curated
Lương 10 tr 5 tr xin mẹ chắc cqr đời ở vs mẹ thôi,0,external_curated
tôi chỉ thấy lạ lòn khi yêu cầu công việc thì đơn giản mức lương trả thì tầm trung cho cấp junior mà lúc đến thấy toàn yêu cầu và đòi hỏi cho cấp senior trở lên,0,external_curated
T nghĩ cái điều này từ lớp 8 rùi  nên t thấy hôn nhân nó kì kì quãi dù t ngưỡng mộ thiệt,0,external_curated
lúc đẹp thì kén ck tây lúc già xấu bị lừa thì khóc với lóc,0,external_curated
"Những ng mà nói rằng 6-7tr cũng đủ sống, thì mới chỉ là đang thực hiện hành động ""tồn tại"" thôi",0,external_curated
s nó quen quen chị ạ,0,external_real
E xin đ/c hộ b ạ,0,external_real
"Thế nhà mình ngược lại , ng ko ăn đc mỡ là mẹ ck mình, ngồi bữa ăn bới bới , cầm đũa gảy hết đĩa thịt lại đến bát dưa sung, dưa sung cũng gảy bung bét , chả hiểu tìm quả sung gắn vàng hay gì ,nhìn khó chịu .",0,external_real
Tui éo nhớ luôn trời ôi.,0,external_curated
bình tĩnh nha b ơi,0,external_real
bán hổng đủ target sữa điều là mẹ bắt uống sữa rau xanh ó,0,external_real
Mắc đ gì chê vậy,0,external_curated
khỏi lo lương kh đủ sống luôn,0,external_curated
nhưng mà sẽ ko có ảnh chụp mình tại concert đâuuuu ko có kỷ niệm rất buồnnnnn,0,external_real
T đòi chỉ sợ cno dỗi.,0,external_curated
mình lương 5tr k biết nói gì,0,external_curated
Rồi vẫn ko hiểu thế lực nào xui khiến 2 con được 10đ lịch sử.,0,external_curated
doc cmt roi lua di ck iu,0,external_real
Mức thu nhập bình quân đầu người vn đang dứoi 10 tr thế thì phải bn người ế vợ,0,external_curated
Bỏ tiền nghỉ làm đi ăn cưới nó zị mà tụi nó đi làm kím xiền,0,external_curated
"Xem ở đâu vậy mọi người, mình lên mango tv xem tập 2 vẫn ko thấy",0,external_real
h các em đợi tan học ra trước cổng trường mua đồ ăn vặt hết rồi,0,external_real
Nó cho CA ít tiền là chìm hết ấy.,0,external_curated
Ở đó chắc ko dám ra đường,0,external_real
"cách đây 2 năm tôi có quen với 1 anh bạn khá giỏi về mảng thị trường quốc tế , nghe anh ta kể về thị trường hay lắm , nên tui bảo anh ta là giải thích cho tui , và tới bây h tui mới hỉu đc , lạm pháp , nợ công , … nó là như thế nào",0,external_curated
Nhìn chú tài xế hỏn lọn,0,external_real
"Gọi đéo dậy, bảo giờ đầu óc e chẳng nhớ gì",0,external_curated
Chẳng chê 10tr nhưng thật sự là k đủ cho 1 giá đình độc lập nhé,0,external_curated
T thấy đầy thằng chả có lương đồng nào vẫn lấy vợ đẻ con sòn sòn kìa,0,external_curated
"Rất giỏi mỗi tội nghèo thời gian tập luyện , lấy ngay thằng ck giàu là ngon hơn đi thi đấu rồi",0,external_real
gội kiểu gi mà nó ko đc nnay,0,external_real
"gây tê nửa người nên vẫn nhận thức đc ông bs đang dùng búa phang ầm ầm ở dứi, rồi mùi khét khét thơm thơm khi đốt sụn chêm, lâu lâu lại có mấy câu chửi mấy anh thực tập viên vì đem thiếu dụng cụ r khoan mãi một lỗ mà ko xong :))))",0,external_curated
Trc mổ lấy vít ở chân mình bác sĩ cũng phải leo lên bàn mổ mới có thế vặn vít ra =)))),0,external_real
k sinh sự với nta nhma nó ngta sinh thì m đẻ =)),0,external_real
ko tưởng tượng nhma vẫn có arghhh xì chét voãi,0,external_curated
rất chi là giận em nhs,0,external_real
t đi thi cũng mún riêng tư để chép phao lắm mời giám thị ra ngoài hiccc,0,external_curated
nhưng mặc áo trắng đi ctruong bẩn v~ lỏn,0,external_curated
Tội cho cô gái ấy hở :>>,0,external_real
"Báo ngta không, đi thì đi 1 mình",0,external_real
đm t thề k bao h vay lại thêm thằng fe nữa,0,external_curated
hồi 19 tuổi tôi bối rối ko biết nên xin ba 20k hay 50k,0,external_curated
má c đi ra đường cẩn thận nha bà,0,external_real
Chủ nhật đó mn tỉnh táo lên,0,external_real
Người ta lương 10 triệu 2 vk ck lm cty vẫn nuôi 2 đứa con xây nhà đó thôi,0,external_curated
nhìu lúc muốn khóc muốn kể chuyện nma sợ mng sẽ chẳng ai lắng nghe mình,0,external_real
thấy hình póng con nhện của phòng tụi em :)),0,external_curated
Lương c 100 triệu trong đó 5 triệu lương cứng 95 triệu lương tâm.,0,external_curated
"Gòi xong, công sức tập tành coi như bỏ sông bỏ biển",0,external_real
Nọ t đang làm thâý 1 đưá hs ng Hàn sách túi naỳ,0,external_real
"đã cần tiền , ko có tài sản thế chấp cầm cố, vay ko được nơi nào khác, kể cả gia đình dòng họ cũng ko cho mượn",0,external_curated
Sao m lại k thích ăn đồ của con nhờ,0,external_real
May quá lương minhg 5tr nên chắc là định ở vậy rồi,0,external_curated
Còn ko cho nhân viên nghỉ ngơi,0,external_curated
mưa nào mà mưa hỏng tạnh,0,external_real
"Nhưng mà khoan, team để Chi  highnote lun hả =)))",0,external_curated
"Qua đường t toàn bế con,vì t biết con mình hiếu động nó hay chạy nhảy lung tung,qua đường xong mới thả xuống,chứ bị lsao thì con mình bị thiệt trước đã",0,external_real
"bạn ơi báo công an đi, bạn k sai ngta sai mà, làm sao sống mà cứ lo âu như vậy được.",0,external_curated
Quả chân gà uy tín kia e,0,external_real
"như kiểu t 1 đợt bị dị ứng mạnh vch thì h n hết nè, thần kì lắm",0,external_curated
lương 5 trịu thì bao giờ mới lấy vợ được ạ,0,external_curated
theo kịch bản thì c còn 2 năm nữa,0,external_real
nhờ nhà nước bảo lưu một tgian thôi chứ có gì đâu mà nghiêm trọng,0,external_real
Hồi t 19t còn đang vừa học vừa đi làm thêm tháng lg có 1 chẹo,0,external_curated
"T k lương vẫn lấy đc vợ, nên thôi lót dép ngồi hóng =))",0,external_curated
quyết tâm ko ra khỏi phòng,0,external_curated
Thì nghỉ chơi chứ giận del j,0,external_curated
kìa bà khởi nghiệp kiếm xèng học lại bơi,0,external_curated
Mong đc lương 10 củ còn ko có chỗ nào chứa đây,0,external_curated
"Tháng nào mẹ tui cũng giục đóng tiền đt vì nhân viên gọi oai oái, căn bản toàn quên",0,external_curated
bic ai trả luôn r đó,0,external_real
nhà t hồi xưa có mấy túi hàng hiệu kiểu này :))),0,external_real
kiến thức này tiếp thu ko?,0,external_real
có hướng nội khum? Có thì mai tui ib mượn xiền,0,external_curated
"Có 1 bệnh nhân nhập viện với triệu chứng dị ứng, nhưng khổ cái là mn éo biết bệnh nhân bị dị ứng cái éo gì cả?",0,external_curated
T Fan MC mà nếu Real thắng thì cũng thấy xứng đáng và tất nhiên MC thắng thì ko gì vui hơn rồi,0,external_real
Hướng ngờ chứ nội j,0,external_real
Đúng chất hải phòng ko lòng vòng,0,external_curated
T muốn ăn mang cụt chín 100k 3kg cơ,0,external_curated
khôm đc nghỉ hè kiểu,0,external_real
May quá lương 3 chẹo,0,external_curated
chưa có bạn trai nên ko so sánh được,0,external_real
lương 5 chẹo vẫn tươi lắm nhể,0,external_curated
Bruno Mars mà về VN diễn thử  t đu cho = đc,0,external_curated
Độc thân lấy ck cho dễ…,0,external_real
"Quân ni là bị dọa: Bứt xoài là báo phụ huynh, ông bảo vệ nhốt vô phòng bảo vệ, phạt dưới cờ",0,external_curated
T nợ rất nhiều ân tình,0,external_curated
"Là người Tân Cương luôn đúng k dạ, trông quyền lực quãi đạn luôn",0,external_curated
"Cái này nó hot ở Nhật 5/6 năm trước rồi,cno xách đầy đường",0,external_curated
Nghèo như mình ko thấy ai hỏi vay,0,external_curated
Báo CA thôi k cần phốt lgi.,0,external_curated
sau đi thi nhớ ktr hết mọi thứ,0,external_real
"Cuộc sống là 2 ng bồi đắp, phụ nữ đâu có thực dụng mà để đàn ông nuôi, 2 ng lương 10 triệu thì cũng đủ sống rồi,,, theo tui nghĩ dọ, nhma cũng muốn có ng nuôi",0,external_curated
còn miếng dán ngáy ko,0,external_real
ông ny biết mà k hỗ trợ ônh tồi vl,0,external_real
"Nếu mà với cách hàng xử ntn,để con ntn sớm muộn gì cũng phải gặp Diêm Vương thôi",0,external_real
Thế mà ck mình lương 5tr cứ đòi lấy thêm vk nữa :)),0,external_curated
Đôi khi tình cảm ngt nhìn vào tiểu tiết cũng cảm nhận được,0,external_real
Ít nhất có ng nhắc để đc điểm t đếu ai nhắc:]],0,external_curated
t ko chill ở 2 lần nữa m chill chung với t ở đây đi,0,external_real
Lỡ a là con gái e có thương hok,0,external_real
97 tài khoản 157k thì 19t ngta có >157 tỉ,0,external_curated
Về với Sướng ca thui chị ơi,0,external_real
cho e vay 500tr ik,0,external_curated
Mình lương hơn 10tr cụ thể là 10tr200 thể nào vẫn lấy đc vợ,0,external_curated
t đưa tờ 20k cũng bị chửi nữa chứ,0,external_curated
Con dùng ít em sợ hết hạn vứt đi lại phí nên uống hộ hoy mà,0,external_real
"T còn đéo có lương đây này,vẫn lấy vk đẹp và có 2 đứa con,vẫn lo cho 2 đứa con đi học bình thường 5tr/1 tháng/1đứa",0,external_curated
gia sư nhớ rủ t đi cùng nx nhé,0,external_real
"không nhục bằng kiểu đòi rồi mà không trả cơ, trong khi mình không có giàu có gì cho cam, lúc vay thì cuối tuần  trả làm cái 3,4 năm chưa trả , gọi ko nghe, ntin ko tl.",0,external_curated
"Đi chợ đồ cũ bên Nhật cái túi y như cái bảo đựng cám còn bé hơn thế tính tiền Việt cũng phải hơn trăm nghìn ấy,còn k biết đồ mới thì giá sẽ ntn nữa",0,external_real
Éo sao vẫn có vợ 2 con,0,external_curated
"vãi cả cho vay , e đây khiếp ba đời,ngu thì phải chịu",0,external_curated
Mình thì lười cơ mà không bấm xem thì ngta puồn =)),0,external_real
m còn nhớ trước m tìm làm như này k .hhaha,0,external_real
Dễ thương haha mặc dù kg hiểu nói gì hết,0,external_real
bực mà kbt làm sao lun ớ,0,external_real
ăn hoài không mập ra ghecccccc,0,external_curated
"giận cc, có vay thì phải có trả",0,external_curated
"Nhà cô là các e còn bé cũng đã ko đc bới đồ ăn lên rồi, cơ mà chả lẽ ny ko biết mình ko ăn đc thịt mỡ???",0,external_real
Đọc tâm sự của bạn mình thấy bạn vẫn yêu ck rất nhiều,0,external_real
hèn chi kẹt lòi lol luôn,0,external_real
"Đã tự nguyện chấp nhận vay - lãi mà ko có thế chấp là phải trả nợ lãi cho người ta như cam kết, lúc vay người ta có dí dao vào cổ bắt phải vay - lãi ko",0,external_curated
thay cái barcode thày qr code tk ngân hàng thì nó tiện vl =))),0,external_curated
Vậy thì lương 9tr9 như mình k có hi vọng rồi bạn ơi,0,external_curated
Thì mn nói đúng mòa,0,external_real
Xin vé nàm công chúa =)),0,external_real
Lúc nhồi đổ nước sôi hay nước nhiệt độ phòng v mn,0,external_curated
"Sau khi đạt thành tích tốt ở Seagame, VĐV Nguyễn Thị Oanh nhận được quyết định tăng lương trong thời gian gọi lên tuyển là 7tr500 đồng một tháng, còn khi không lên tuyển thì vẫn giữ như cũ.",0,external_curated
bằng liềm tin khum nung nay,0,external_real
Sự thật là mông pồ của bạn luôn cong hơn mông bạn :))),0,external_real
Khoai tây chính ra cũng ko hơn khoai ta mấy nhỉ,0,external_curated
"toi đi concert của Ngọt một mình, cái cảm giác mà m có thể hoà nhập được với cả một cộng đồng trong khi m và họ đ biết nhau, nó vẫn là 1 cái cảm giác gì đó rất là yomosttttt.",0,external_curated
chúng tôi làm mẹ chứ chắc gì chúng tôi đã trưởng thành mà ko đc uống sữa ạ:)))),0,external_real
"Tháng 5 trẹo đây, chả đc gì ngoài cái cười cả ngày .",0,external_curated
"10tr là khá giả cmnr, ước đc 10tr :))",0,external_curated
"đơn giản là vì 2 đứa con cụ đều chả có hứng thú với ew đương, đặc biệt là đứa con út này, mỗi lần có người ngoài hỏi bao giờ lấy chồng thì nó đều nói: “cháu phải kiếm tiền hiếu kính phụ huynh đã, chưa báo hiếu được ngày nào mà đã đi lấy chồng luôn là cháu không chịu đâu.”",0,external_curated
ngừi này cứ lun nghĩ là tui ăn chưa no :)))),0,external_curated
tâm lí tội phạm đây r :))),0,external_curated
máy sấy sắp hỏng gòy=)),0,external_real
gái Tân cương k làm chúng ta thất vọng,0,external_real
"Mình 30 tuổi đầu ngày qua ngày ngĩ sao giả được hết nợ, tối về chỉ lo mì tôm hết thì lấy cái gì mà ăn =))))",0,external_curated
May quá lương 5 tr,0,external_curated
vậy nên tui từ một đứa thích ăn dưa hấu thành đứa ko đụng vào miếng dưa nào lun,0,external_real
"Sợ nhờ cái xã hội, hơi tí đánh người ko cần biết ntn",0,external_real
"vay đi, tớ kh tiếc đâu",0,external_curated
Vay tiền mua đồ ăn có mấy chục thì cho vay chứ 500 trẹo có tao cũng k cho vay,0,external_curated
ê t sợ z vãi :)),0,external_curated
"nhưng, nhưng sau vài vụ vậy thì dẹp mịe bạn bè cc t lo thân t trước rồi vui chơi sau",0,external_curated
Chắc tưởng đc lương 10tr dễ lắm ha gì =..= t lương 8tr nha :))),0,external_curated
"Bới cũng đc thôi, bới xong mình bơi trong đồ ăn luôn vì mình bị úp cái mâm vào đầu",0,external_real
"Hai miếng dưa nó nói là ""t nằm đây chờ mài đến héo mòn thanh xuân""",0,external_real
Thế mà déo phải cái ô tô nhỉ,0,external_curated
m lm đc v thì cho 10 đ,0,external_curated
Chị cuối dễ thưn haaaa,0,external_real
Ụa ch tháo cũng z mà,0,external_real
kêu no gòy mà hay zị quá,0,external_curated
"K là e quên luôn đó, rồi lại mang tiếng có nợ mà k muốn trả",0,external_curated
lên 10tr t đẻ thêm 2 đứa nữa,0,external_curated
Like vs chỉ biết ước,0,external_real
đâu phải tự nhiên mà đi ăn với Gucci đc,0,external_curated
Dắt con đ hẳn hoi còn đánh ngta,0,external_curated
tui ói ra cho dừa lòng,0,external_real
thấy pé chóa đáng iu khom?,0,external_real
Cty t cũng nhiều xoài lắm mà k dám xin,0,external_real
cho e xin miếng mông dzới ướccc ao,0,external_curated
ko cần phải sốt ruột đâu nhỉ,0,external_real
"Này ngược lại vs b gái t gê, nhỏ eo thon còn t là bầu 2 tháng gưỡi",0,external_real
k biết ai mới là sếp haha,0,external_real
Tang công an vào cho chug nó lên phường đi,0,external_curated
m t với nhân viên thì công ty cũng văn hoá quá,0,external_curated
Hỏi vay thì k ngại.,0,external_curated
"giờ phòng t dùng bồn xanh lá, thả vô màu kì kì k hạp =•=",0,external_curated
Toi trc khi đọc sách còn phải rửa xà phòng :))),0,external_curated
Mấy cái chân gà k hiểu cno khen ngon vì gì @@.,0,external_curated
R mốt sao t coi ctr 1 cách bth đc =))),0,external_real
căn như dâi đàng luông,0,external_real
thì ra nhiều ng chơi phết,0,external_real
mẹ xin lỗi tại mồm mẹ đau ko ăn đc cơm nên lỡ uống vụng của con 1 hộp sữa bột pha sẵn,0,external_real
tiền mua ronng biển với rau còn đ có :)),0,external_curated
"Ko có câu chuyện ""1 túp lều tranh 2 trái tim vàng đâu""",0,external_real
mẹ tau mà thấy mua ăn mấy cái này thì tối về ăn đòn no,0,external_curated
2 cái chả có j tương đương nhau hết á.,0,external_real
Tùng idol vào đọc rồi rút kinh nghiệm nhớ,0,external_real
Năm 19 tuổi tôi đang ngồi vẫy khách tại 1 quán karaoke ở cổng trường lương ngọc quyến tp thái nguyên với lương  800k/1 tháng,0,external_curated
yên tâm t cap hết r m chối đằng trời,0,external_real
Tỉnh nào cũng làm nvay thì tốt quá,0,external_curated
cô có vậy hok cô,0,external_real
Vào đồn thì lo đòn,0,external_curated
Đéo hiểu s vẫn tham gia mấy cái giải này đc :))),0,external_curated
hoc deo hiu gi hecccc eeeeeee,0,external_curated
t vay bạn có 50tr mà b blốc t lun,0,external_curated
Hoặc làm thân với anh CA khu vực để khi nào có chuyện gọi cái đến nuôb,0,external_curated
Triệu Lệ Dĩnh xinh điênnnn,0,external_real
Nhưng ngta mặt xinh eo nhỏ bắp tay nhỏ và k mỡ bụng,0,external_real
"hôm bữa đi học ktvm, cây highlight thì đ đem mà đem cây eyeliner",0,external_curated
Tôi muốn đc ăn măng cụt chín ạ,0,external_real
Mình k có nhiều để cho vay nhiều,0,external_curated
"Đến nhà ngkhac ăn mà có đĩa thịt cả nạc cả mỡ là k dám động vào, auto ăn rau",0,external_real
K giàu k xinh thì phải làm sao,0,external_real
Ai bảo mãi không về ăn ló chả khô,0,external_real
Á đù alex mahon cũng tham gia lun,0,external_real
Thay vì mua riêng cho mình thì mua nhiều lên cả hai mẹ con ăn chung có phải vui hơn k,0,external_real
Sau đừng có vay tiền bạn t bốc hơi như thằng bạn lớp 3 của tôi,0,external_curated
"giờ thì không có, nhma hồi cấp 3, cứ mỗi một vài đêm sẽ là 1 đêm cứ nghĩ rằng: à nếu mình chết đi thì chắc mng sẽ vui lắm, sẽ mở cmn tiệc ra để ăn mừng =)))",0,external_curated
xin vinh hạnh chúc mừng trúa hề,0,external_real
đúng là trong đó ms biết căng ntn.,0,external_real
sinh viên làm éo gì giàu thế m @@,0,external_curated
"con bị ngã , nhưng bme vẫn lo lao vào đánh người bị hại , đúng là occho ,",0,external_curated
Kừi ra nác mắt hả,0,external_real
"phải chi Hàng Xanh, Cộng Hòa cũng dc vầy",0,external_real
Đợi các bạn nợ phải gọi là tính  theo năm chứ k phải ngày hay tháng...,0,external_curated
"có lần t bị nó thao túng nên mua, bố t thấy nước xả ra  màu xanh chửi t bỏ thứ vớ vẩn vào nên từ đó t k mua nữa =)))",0,external_real
Coi cí mặt biếc hưởng ghê,0,external_real
"Tụi trẻ con giờ đếu học hành gì chỉ suốt ngày tóp tóp, đi trên đg thì suốt ngày thấy phóng lợn , haizz",0,external_real
quá đáng iu ròi đó,0,external_real
bữa t cầm cây kẻ mày đi thi cuối khóa nè :))),0,external_curated
Nên là t toàn chuyển khoản.,0,external_curated
Trc mình có bà chị ước mơ mở đc tiệm bánh nè,0,external_real
Chỉ ước ck tháng đưa về cho vợ 5 triệu là ok lắm rồi,0,external_curated
c tưởng trên đời có mình c thôi chứ,0,external_real
lam ca si trong phong tam,0,external_curated
Bme ck mk ăn mỡ để toàn thịt lại cho mk ăn,0,external_real
cũng sắp sinh nhật tôi chẳng mong gì nhiều mong b tặng tôi con ip14 được rồi :)),0,external_real
Mh hướng ngoaih nhưng k giám đòi nợ thật,0,external_curated
anh nào bayh khó quá,0,external_real
"hồi đấy nhớ lần đầu ăn tép rang ngon vl, sau đấy ngửi thấy món đấy nôn thốc nôn tháo đ chịu được =)))",0,external_curated
muốn xĩu z đó tr,0,external_real
""" Ủa sao nằm trong đây z con trời đất cơi nay được học sinh j z con "" :)))))))",0,external_real
ra trường đi làm chạy content ngày 5 10 cái deadline đc trả 200k xong chấm nước mắt bằng cái bảng lương trung bình thấp nhất 30tr/tháng của nhân viên ngân hàng,0,external_curated
Trời ơi sao tui thấy tui đâu đây   nt đòi tiền nó còn tl thêm câu t khổ gần chết có là t đưa m xài rồi  mình nghĩ ủa mình có phải mượn nợ nó đâu mình là chủ nợ nó mà trời có là đưa ủa rồi nào m mới có ??,0,external_curated
"chạy kiểu đấy tránh tđn đc, khổ vcc đúng thằng đàn ông dẩm dớ, mà mấy cái thằng ra động chân động tay cũng là cái bọn cắn theo đàn, khổ cả bạn kia cả em bé",0,external_curated
lương tháng 1tr sợ lm gánh nặng cho ck ghê,0,external_curated
3-4 năm trc thì phải,0,external_real
có thấy cái quần con voi k chồng ơi,0,external_real
Tại thực tập không lương nên chê không đi làm chứ không là h má biết má buồn rồi,0,external_curated
May mk thuộc tuýp hướng ngoại,0,external_real
É đây là tưởng tượng của t về mấy chị Công là nữ tổng tài đồ đó truyện BH nè é é é,0,external_real
Rút kinh nghiệm lần sau y anh khác nhớ ăn no bụng trc khi đến nhà Ny nhé,0,external_curated
"mà vay này nguy hơn vì mình kb vay ai, lãi suất bn, bn tiền",0,external_curated
"sai mỗi ảnh cuối, còn lại chuẩn hết a nhỉ :)))",0,external_real
"cả đời k dám cho ai mượn nợ luôn á, sợ phải quỳ lạy người ta trả nợ cho mình.",0,external_curated
Mất hình tượng Đơn Quân Hạo của t quá!,0,external_real
Thế ck mình lương 10tr vẫn thấy bt@@,0,external_curated
Trùm cuối đúng là k lm ae thất vọng,0,external_real
Trời oi đỉnh thực sự,0,external_real
"e gái đi viện nằm phòng VIP nhé ,tuyệt đối ko đưa bhyt ,rồi lại hoang mang ,vài ngày lại kêu đau đầu ,sợ hãi ng lạ",0,external_curated
kịch bản của m chắc cũng sâu đấy,0,external_real
nghe nói mỗi ng cho e cây vàng còn được =)),0,external_real
Đá vs man xanh chưa ăn đc mà đòi đá vs man đỏ ở siêu cup,0,external_real
Trường mình thì kêu tắt cno còn lườm cho,0,external_curated
chả bù t cái gì cũg ăn được hết mà đíu có ny,0,external_curated
để ck rước em như z nha,0,external_real
gặp nhau thì quánk nhau mà dề cái bùn nha má,0,external_real
Lương 5 trẹo đi làm chỉ để cống hiến tiếng cười :)),0,external_curated
Cái bảng này ngay chử u bị lủng lổ ở trên nên chụp xa thấy tưởng chử ư,0,external_real
hồi năm nhất làm 20k/h sướng rồi nhìn ngta cái,0,external_curated
khong có chăn có gối àkkk,0,external_real
đọc tr có nvat chí hướng là ăn no chờ chết mà vừa buồn cười vừa đồng cảm,0,external_curated
cần đòi nợ thuê kh c,0,external_curated
bánh ăn dặm tới công chiện,0,external_real
t vs m coi chừng,0,external_real
Hèng quá nên toàn bị cđ leo lên đầu thoii,0,external_real
Ng Hải Phòng nch vs nhau bằng tay à,0,external_curated
"2vc, 3 đứa con, cp mỗi tháng tầm 30-40tr",0,external_curated
Bởi lương 2 chẹo nè có dám lấy vợ đâu,0,external_curated
Thế là vẫn dc lấy vợ chứ k phải độc thân như mấy bạn lương 10tr,0,external_curated
Mấy loại này thì nhiều khi nghiệ quá k có tiền cx cố vay mà chơi :)),0,external_curated
Bạn tốt là phải thấy khó khăn phải nhiệt tình giúp đỡ chứ kp là nhờ vả nhẹ cái nó đã từ chối rùi thể loại nó cút cmn đi khỏi hãm ..,0,external_curated
Bạn còn tuyển em dâu ko em giai bạn ngon quáaaaa,0,external_curated
ai dẫy tên j dẫy,0,external_real
Đến đoạn thằng em học BK là del đọc nữa r đừng hòng lừa tao,0,external_curated
"Còn lại mặt gầy , tay gầy khẳng khiu còn hơn tay t mà kêu k mi nhon :)))",0,external_real
Có mink ngày xưa cũng z nè,0,external_real
Ôi trưởng phòng cty t lên NEU rồi,0,external_curated
Bộ trưởng Bộ ngoại giao nè m :)))))),0,external_real
T có 6tr tháng thì làm ntn,0,external_curated
Chị cũng mới có 31 thui à,0,external_real
giãn cơ chân trc khi chạy bộ,0,external_real
"Cứ cười đi , bán rẻ đi xong thuế nó hoit thuế thu nhập cá nhân nó thu 35% rồi lúc đó khóc",0,external_curated
Má thì ra đó h xem sai cách =)))),0,external_real
nhớ nhó các bạn mở bài tủ cụa mình đếyy,0,external_real
"Hồi 19 tuổi mình còn làm nhân viên chuyển phát nhanh, 2 tháng ngã xe 3 lần và k nhớ nổi số lần bị công an phạt.",0,external_curated
tôi xong r đến lượt b,0,external_real
tôi hặn bạnk tạm bịt,0,external_real
có vợ vào n khác bọt hẳn,0,external_real
ấm ức đ khóc nổi luôn mà :)),0,external_curated
Khách đông chủ zui nvien mệt :))),0,external_curated
"vô duyên thật chứ k phải k, lớn bằng đầu bằng cổ r =_=",0,external_real
"vô duyên vải , lm như nước là zô hạn v",0,external_curated
hôm nào zô bơm bánh xe kh ox :)))),0,external_real
hèn nhưng vẫn drama là sao z,0,external_real
Đây là cái snhat thứ 2 của chó nhà mình,0,external_real
đủy khanh làm s cái mặt t như cái thác zị đoá tức cái lòng ngực,0,external_real
hai cô géi lựa đồ ăn trưa từ 12h đến 4h chìu,0,external_real
t muốn tham gia cái này,0,external_real
"lý do trường m áo dzàng đó, thật tink tếk",0,external_real
vãi kẹo boom mà nó đốt luôn kì v tr,0,external_curated
Ủa rồi khóc thôi mà ai nỡ đăng chị ý lên chi dọ tội nghiệp,0,external_real
tạo cái account tinder lên coi thử coi phải dị hong,0,external_curated
đầy đồ ăn trong tủ nma toàn là lâu r,0,external_real
bạn có ăn chung với con k,0,external_real
"Vì tiểu học cô doạ bno sợ đái ra quần r, chứ sang trung học lá khéo k còn",0,external_curated
có phải m kh z,0,external_real
"E cần giao bán 1 con capybara nặng 40 kí hơn,  ai có nhu cầu liên hệ e.",0,external_curated
K dám ăn hàng nhiều trc mặt ba vì sợ ba tưởng mình còn nhiều tiền,0,external_real
"Tôi thường ngóng vào biết đâu ny tôi còn đang bận xếp gỗ, nghịch cát",0,external_real
Rồi t bắt đầu lên ds mời nè :))),0,external_real
cơ sở tôi học còn đ có thang máy trong khi tôi học môn đó tận lầu 4,0,external_curated
mới iu và iu lâu vẫn z nhỉ :3,0,external_real
"óc chó,may n còn đéo chạy vào oto ý",0,external_curated
chúc vui vẻ hp nhiều tiền,0,external_real
tóc 2 cỵ dài nè thử sức đi,0,external_real
có mời cưới nhớ dắt t vô chỗ ngồi đàng hoàng nha,0,external_real
4 tháng thì cho ăn bún đậu mắm tôm r chở đi thi đại học luôn dc rồi,0,external_real
Moẹ t lương 5 tr lỡ cưới vk rồi thế đợi lên 11 tr cưới thêm được vợ nữa k ạ,0,external_curated
20 tuổi xanh bị thiếu máu và đủ mọi loại vấn đề liên quan đến việc máu không lưu thông và nhận ra mình đã bỏ bê cơ thể mình đến mức nào chế độ ‘ăn uống như cc’ thật đáng sợ,0,external_curated
Nhớ khoá cửa rồi báo cảnh sát nha bạn mở ra cả nhà đi chung vs bạn đấy,0,external_curated
"Móa có hứng quá thì ra QL60 mà ăn gà, mới lớp 8 cũng đéo tha nữa",0,external_curated
Tới tháng nhận lươg 3tr,0,external_curated
vô năm cg có gặp nx đâu,0,external_real
Mk đã kiếm được 100tr đầu tiên nhờ việc bốc phét ntn:(((,0,external_curated
"Tình trung niên thì xem Khóa học yêu cấp tốc bên Hàn nha mọi người, iu đương nhẹ nhàng đáng iu từ đôi trung niên đến đôi thiếu niên",0,external_curated
đm mấy khứa này béo vaii,0,external_curated
Dell bt nói gì hơn,0,external_curated
Chưa thấy thằng nào đấm t.,0,external_real
Giải thích qtr dễ hiểu,0,external_real
Ván cược nhiều điều xuii,0,external_curated
y như hôm bữa đi làm cccd t mag cây kẻ mắt là thấy phải đi thêm lần nữa gòy,0,external_curated
"Trai gái ko cần bt, có lỗ là đc",0,external_real
Chắc đối tượng chưa làm CCCD,0,external_curated
“ hqua t mới gửi giấy nợ về cho bà già t trả “,0,external_curated
Con mình đau mình xót thật nhưng làm cha làm mẹ có lỗi đã ko cầm tay con cẩn thận làm ảnh hưởng cả người khác còn đánh người ta,0,external_real
Chắc có mình tui hông thích ông này lắm :<,0,external_real
"Nma chú lơ xe thấy mình hèn quá, chưa kịp đưa tiền đã vội xin lỗi rồi cúi đầu giải thích đồ",0,external_real
em nên mang con nào về zay mn,0,external_real
"Sướng nhá, ny chân thành không yêu em chỉ vì nhan sắc đâu",0,external_real
Đòi được xong bảo t xin nhá cảm ơn đã giả,0,external_real
đi biểu diễn hồi nào zay,0,external_real
nhg 2$ vn= 2h làm 2$ của nó bằng 1 phần bao nhiêu/h k dám so luôn,0,external_real
Khi đàn ông họ k hiểu thì bao vất vả mệt nhọc của bn họ k bjo thấy đc cả,0,external_real
h đến chuyện li hôn tranh quyền nuôi con của toà án r cũng mang lên mạng để cđm giành quyền nuôi con về dùm hả trời,0,external_real
"An phận cũng được, t chỉ cần ck t lương 10tr thôi :)) còn lại về làm cùng t",0,external_curated
"Chi xinh thật, Trương Gia Nghe thỳ nhức nách luôn",0,external_real
"Bài này đẹp thật, t xem video chưa dám bật âm thanh nhưng phải công nhận là phần nhìn rất keo",0,external_curated
đừng hối e lấy ck,0,external_real
Ko cho ai vay hết,0,external_curated
"bố mẹ bảo học ngân hàng sau về có người dìu dắt từng bước, chỉ cần đi theo thôi hong chịu, nhất nhất đòi học truyền thông báo chí :))",0,external_curated
cho xin địa chỉ ạk,0,external_real
sao giống quá dị nè,0,external_real
"Trc dạy c3 mua tk vĩnh viễn để dùng, chuyển về c2 bỏ xó vì cấp 2 không dùng =)))",0,external_curated
c đọc thử bài này xem,0,external_real
tui mượn bạn 500 nghìn bạn đã bẩu bạn không quen tui,0,external_curated
"Nọ t thi toán mà t còn kh mang gì đi thi, may sao vào phòng thi thấy thiếu thiếu nên kịp đi mượn:))",0,external_curated
Trấn thành đem công an lên tới nhà bạn bây giờ bớt khịa ngta đi,0,external_curated
m có muốn nói điều gì đó không ?,0,external_real
Mh thì nghĩ ủa rồi nếu là thật thì lúc đ nào b cũng cầm đt bật chế độ quay à =))),0,external_curated
"mong chị cứ rô phòng vip nằm , có người lạ đến thì chị cứ giả vờ ngơ ngác ko biết gì",0,external_curated
đang ngồi run cả chân ae ơi,0,external_real
idol tik tok được về nhà ăn tết vs gđ r,0,external_real
chẳng qua đ' với tới thôi ném dép thì nó va vào kính phòng giám hiệu trèo thì bảo vệ bắt nên đành chịu thế thôi chứ biết ls bg,0,external_curated
quá mệt những lần t k xem đc,0,external_real
"Chả công an nào giải quyết đâu, trừ khi gây dư luận xh, tống tiền…",0,external_curated
thà đi concert 1 mình hơn là đi với ng ko thực sự thích vì ngta sẽ làm mình tụt mood vcl,0,external_curated
Kiểu vô tình i ngang cái thấy hớ hênh nên giật,0,external_real
chú ý sức khoẻ nhen,0,external_real
Đọc lại lần thứ n vẫn cười đ chịu được,0,external_curated
ủa dị là đi nắng nên bận trắng hay đen,0,external_real
may ko cưới đứa kêu tháng 10tr chưa đủ ko thì lại mang tiếng thằng bị vợ bỏ,0,external_curated
biết đou ngiu còn đang đi họcccc :)))),0,external_curated
đã bảo đ khóc rồi còn gì muốn sao ?,0,external_curated
"Thế éo nào lại vớ thêm được bà giúp việc vui tính, trực tiếp kêu nó mang cả cái khúc cây to đùng vào và bảo: ""Yên tâm đi, to thế này mẹ cháu không đánh đâu"".",0,external_curated
Vậy nên lương 7tr ko dám đi tán gái :))),0,external_curated
"thiệt tình 10 triệu ko nuôi nổi 1 đứa con , tiền sữa, tiền ăn tiền trường , tiền học thêm toán, anh văn .....",0,external_curated
Công nhận cảm giác sạch thiẹt :)),0,external_real
Nóng gần chết sao mấy bà ý trụ đc lớp trang điểm hay ta,0,external_real
Thà hỗ trợ bằng tiền cho VĐV họ còn có cái trang trải cuộc sống.,0,external_real
ra xin về đi c mai chúng ta còn có cái ăn,0,external_real
qhe của cta la ri,0,external_real
Ông nào muốn béo thì lấy vợ đii,0,external_real
"Hên quá, mình lương 3tr5, mình về đấp chăn ngủ khoẻ luôn",0,external_curated
Má tao bị mẹ tao chửi quài luôn á “ mẹ mày đi lấy tiền ngta chứ tao kiu mày đi mượn hay đi xin ngta đâu mà mày k đám đi “  khók x100 lần,0,external_real
r khok tin đc lên đh sẽ p học tiếp cái đó luong°,0,external_curated
kiếm tiền đi gòy chúng ta đi,0,external_curated
hóa ra cta trách nhầm bé Thu,0,external_real
"đấy, ló phải như thế",0,external_real
"Đề nghị sếp bảo vs kiên: ""thôi Kiên, em đừng làm nv nữa, em làm sếp đi""",0,external_curated
"Deo ổn đâu, đi tù lâu lâu vẫn chuyển phòng, chuyển trại mà.",0,external_curated
Cho vay lưc đòi phải xem tâm trạng vui hay buồn cơ.,0,external_curated
Nhưng bả xinh sẵn r :)))))),0,external_real
người ta bán cháo hả m,0,external_real
Ngu đến thế là cùng đã đell có tiền rồi còn báo tưởng i tù là hết,0,external_curated
Vì cuộc sống ben chen vì đồng lương ít ỏi thôi '(( Không đi khám thì lo lắng mà đi khám sợ lòi bệnh ')),0,external_curated
cho nó cái tk ngân hàng đói thì tự đặt mua đi:),0,external_curated
"nhma tại tính chất công việc cũng chạy đi miếc ko có ở văn phòng chung với mọi người nên h zô cũng quen r, ai nói j cười đó thui chứ sao h, từ từ rồi cũng sẽ làm quen đc thui cố lên, mình dễ thương mà kkkkkk",0,external_curated
"qua phase 4 của mcu thì ngán đến tận cổ thật, mấy phim của dc cũng ra thoi thóp mà vừa dở lại còn flop ẻ",0,external_real
Vay thì cứ de bv giam đinh thuong tat xong thì khởi kiện cho thay mia no lun,0,external_curated
trời ơi bây ơi cứu tauuu,0,external_real
:))) rất thích mua nma k ăn,0,external_real
"nhưng t thực sự gặp được người đạt gpa 3,79/4, học bổng 60%, tham gia đầy đủ sự kiện từ lớn đến bé, làm đầu tàu cho cả khoa và thực sự toả sáng :)))))",0,external_curated
Không cần ra đường mà vẫn ăngg no,0,external_curated
đi vệ sinh với cảm giác xoang chảnh của vàng 24k,0,external_curated
Ny mình đang học lớp 11 đúng khum ạ :))))),0,external_real
rồi lương tháng này của em đc 1 chẹo,0,external_curated
sao t k đânh dấu đk cái Phuong,0,external_real
Quá xứng đáng cho những gì e đã cống hiến cho nước nhà.,0,external_real
tra tấn t vs m,0,external_real
hâhha tại sao lại nv,0,external_real
Cô giáo bảo lấy bút ra viết luận và cây bút duy nhất t có là bút kẻ lông mày,0,external_real
T lương 5 triệu đủ trông 2 bé sgbb,0,external_curated
ước mơ mỗi ngày ngủ 17 tiếng của t đã thành hiện thực,0,external_real
Thả 2 hlv 2 bên ra nào :))),0,external_real
"Đợt mẹ tui bị quẹt xe gãy xương, cx nhiều người đi đường xúm lại giúp, cố định chân, chở đi viện",0,external_real
làm này cho mày ăn nhoo,0,external_real
quen quen đúng ko ?!,0,external_real
tại nó không yêu mày đó chứ cung đ nào chả như nhao =))),0,external_curated
Chua lè chua lét cno thèm vào :))),0,external_curated
Đúng cái nết éo thể mê đc.,0,external_curated
"Năm 19 tuổi t vẫn đi bưng bê 16k/1h, đêm về chạy grab kiếm vài tỷ tiêu chơi",0,external_curated
"hoy hoy no rồi, đi uống trà sữa",0,external_curated
"nhìn hợp vãi =))))) nhưng mà có ai ghép ảnh st x ysl dc ko, tự nhiên nghĩ ra cái vibe thích ghê chứ hehe",0,external_curated
ung thư k đáng sợ vì gio khoa hoc phat trien nếu phát hiên sớm giai doan đâu sẽ khỏi.,0,external_curated
Thế ck t lương 5tr nuôi 2 đứa con đây,0,external_curated
"Hãy cố gắng kiếm tiền lo cs của mình, của con,  vì ck mà bạn bỏ cv, hy sinh họ cũng chả b đâu, thẳng thắn vs ck tìm nút thắt mà gq, đừng mơ ng đó thương mình",0,external_curated
"Nghĩ thoáng lên đi, đã chấp nhận vì nhau thì ít cũng đủ mà không vì nhau thì 100củ cũng méo đủ đâu",0,external_curated
"Ghét nhất cái thứ ăn mà bới bới cầm gắp lên gắp xuống lựa chọn, không ăn dc thì nghỉ",0,external_real
Ai muốn xét nghiệm để phát hiện ung thư sớm liên hệ e nhé.,0,external_curated
Dậy là mấy má biết chỗ đánh ghen gòi đó,0,external_real
tui cạo đầu làm đầu đường xó chợ vẫn ko dám đòi nợ,0,external_curated
"T nhìn mấy đứa bới bới đồ ăn t del ăn nữa luôn, kinh dị",0,external_curated
m có dành ăn với mỡ k =))),0,external_real
"em toy hay đọc truyện vui cực, mà là cực lạc",0,external_real
thật sự nếu đủ tèn hãy sắm máy lạnh chứ hồi xưa cũng như vậy 1 buổi trưa bay 5k tiền nc đá,0,external_curated
"Đàn ông thích ngọt đôi khi thích được tán dương nên mình nghĩ bạn nên mở lòng với ck, ck làm gì tốt thì mình khen với động viên ck cũng chẳng mất mát gì mà ổng lại vui ổng sẽ thấy được người bạn đời mình ủng hộ",0,external_real
19 tuổi t vẫn đang rót bia quán hát 150k/ca/2 tiếng.,0,external_curated
Bảo sao trương trình phỏng vấn tân sinh viên toàn nghĩ sẽ nhận việc min 15tr chứ dưới khỏi làm.,0,external_curated
Đọc chả thấy vui tí đéo nào với cái giọng của thằng ck,0,external_curated
Uhm thì kiếm tiền để sống cho thoải mái nhưng nhiều ng cứ bị ngược lại ấy,0,external_curated
chời mé giống anh nè,0,external_real
May qué lương có 5 chẹo,0,external_curated
"một lần nữa giầy mòn đế,bạn kia mà ko mua tặng nữa.",0,external_real
Chiến sĩ CAND này xịn như mấy a grab tất xanh luôn,0,external_real
"chị cũng nũng nịu íu đúi nhờ vả chồng đi xong nịnh nọt khen ngợi mấy anh đồng nghiệp chồng lôi kéo đồng minh chọc tức lại chơi  chị cứ dùng hành động chọc tức lại cho zui chứ ko phải nói gì sất, đề phòng nói xong chị A lại ra vẻ đáng thương thì mình thiệt á =)))))",0,external_curated
dô nghe c iu xinh xẻo,0,external_real
Đ tặng quà bày đặt văn vở chi z,0,external_curated
"Xong cái bà hỏi sao h lớn lên m xấu như này, nét ngày xưa đi đâu hết rồi, sao m càng lớn càng xú à  Khóc vaizz",0,external_curated
:)) ưng kh t mần cho cấy,0,external_real
"qua làm kìa,vc nhẹ lương cao",0,external_curated
a 10 điểm k có nhưng,0,external_real
t muốn ăn măng cụt chín,0,external_real
"Mấy bà nợ tiền tạp hoá chuyên gia giận nè, mịe",0,external_curated
Tích cóp thì gửi tk còn có xíu lãi chứ bỏ ống coi như tiền chết rùi.,0,external_curated
"Đã thích miếng thịt thì tia ngay miếng đó, sau đó cbi cho cơm vào mồm thì chộp cái cho vào bát, chuẩn xác có phải đỡ bị soi k :))), ngồi ăn mà bà nào bới bới chọc chọc là k muốn đụng đũa luôn rồi",0,external_real
nè cái này hay hơn mấy truyện m gt t đọc á,0,external_real
Đã thế còn 1 đám đầu tôm nhiệt tình lao vào đánh ngta trong khi dell biết ai đúng ai sai =)),0,external_curated
phòng a có con như dị kh :((,0,external_curated
500 triệu làm gi có a chỉ có 500 tỷ thoi kk,0,external_curated
chắc là ko đc roài,0,external_real
chắc em iu mình cũng đang học lớp 10 thôi,0,external_real
"ủa sao em chơi ác dị, sao em nở lòng đăng lên cho mậu ngừ thấy dị",0,external_real
T muốn ăn măng cụt chín,0,external_real
cam kết zị hoy chứ tau bịa cái doanh thu 2 tỉ ảo vãi ò,0,external_curated
câu chuyện k của riêng ai :)),0,external_real
"đọc rồi cảm ơn trg đi các em, đừng chửi trg nx",0,external_real
Mà bới 1 lần thì đc rồi này thấy bố mẹ ngta im im xong còn bới thêm 2 lần nữa thì nói thật bạn hơi bị thiếu tinh tế và kỹ năng sốngđấy,0,external_real
dâu da chỗ t 5k/túi to,0,external_curated
Dị mà cũng dụ đc thêm 1 đứa chui dô cùng =)))),0,external_real
"Cty như vậy sếp như vậy dẹp mẹ đi, qua cty anh mà làm Kiên nhé thích làm thì làm thích nghỉ thì nghỉ lương Kiên tự quyết định.",0,external_curated
"tr oi, mình trả phòng xong còn dc host khen =)))))",0,external_curated
"trước nay vẫn nghĩ chị iu theo đuổi hình tượng giống kiểu idol kpop nên là với khả năng của chị tham gia vào mô hình nhóm nhạc ms ổn, chỉ việc hát vài câu phần còn lại đồng đội gánh, hát nhảy tàm tạm k phá game là được việc của chị là lung linh trên sân khấu thôii =)))",0,external_real
Có vợ hết rồi mà nói gì zị tr,0,external_real
lớn rồi gọi đồ dùm cho mẹ yêu luôn,0,external_real
Con nào củng thương del nói nhiều :))),0,external_curated
"bố mẹ hỗ trợ 1 ít, bọn t có 1 ít, vay mượn thêm r mua đất tp, chồng t lại mới học xong đh csnd, t lại mới mua xe ô tô, t thấy có cái moẹ gì đâu, con t vẫn đầy đủ xhar thiếu thứ gì, tuần t cafe mấy buổi, đấy là do m k biết chi tiêu r lại gào mồm lên",0,external_curated
May còn được 10đ chứ đc 1-2 thì k biết tìm ai chửi luôn ý,0,external_curated
"Nhớ mãi câu bố mình bảo “ mày có ăn đc hay kh ăn được thì nhịn , sau t thấy mày bới nữa thì coi chừng “",0,external_real
nhà t mà ăn z rữa chén khoẻ ăn no nghĩ.,0,external_curated
nữa r cringe từ lúc mới ra đến giờ vẫn cringe,0,external_real
vì cái mùa này mà t vs nhỏ chung phòng đi kiếm trọ mới có máy lạnh liền,0,external_curated
May quá vk t bảo t ko cần lương cao làm ck là đủ rồi,0,external_curated
thích anh cá mập k,0,external_real
"Nay dễ j kiếm lương 10tr , có việc làm là may rồi chứ thất nghiệp đầy ra",0,external_curated
đọc cừi chớt lun ớ,0,external_real
Xưa còn đi cũng v lớp mình 4 hsg cứ sau mỗi tiết toán là 4 tụi mình đều như này,0,external_real
áp dụng liền nha mấy iem,0,external_real
nó đang lím đuýt :>,0,external_real
( còn chưa biết đề thi) thế méo nào về soát 7.5 hoá,0,external_curated
LươNg đã thấp mà còn tứ đổ tường nửa thì thôi… gia đình coi như bỏ,0,external_curated
"Chú này đỉnh, hqua xem video phấn khích quá,",0,external_curated
thuê nhà 4 trịu  moẹ ròi,0,external_curated
Mặc ra đg chưa đc 1 lúc có xíu mồ hôi nó bẩn vcc,0,external_curated
quần rách đít hay sao mà che lại dzị=))))),0,external_real
t nhịn ăn sáng suốt mấy năm đh này,0,external_real
Lương 15tr nhưng lỡ lấy phải cô vợ lương 30tr mất rùi :)),0,external_curated
ở Úc mà ko bắt được em nào à?,0,external_real
Ừ t đang lương 10tr đây.,0,external_curated
vô anh nvien này mệt mỏi tan biến hết nè bạn :))),0,external_curated
10tr về quê lấy vk,0,external_curated
"10tr thì đủ tiêu thôi chứ có việc gì thì khóc thét, chính vì nghĩ đến tương lai nhiều cái phải lo lắng mà vẫn chấp nhận dừng ở 10tr mới bị ng khác cho là an phận đấy",0,external_curated
"má ơi, t đang tiêu cực, tự diễn drama công ty, bị đồng nghiệp chê, sếp đuổi việc này nọ xong nằm xụi lơ luôn",0,external_real
"Kurzgesagt cũng có nói về việc này, các mô được tái tạo chỉ là scar tissues thôi, k có các chức năng như tế bào ban đầu",0,external_real
2₫ + lại mới được 10 chịu,0,external_curated
Chúc E đạt được thêm nhiều thành tích,0,external_real
"quả mãng cầu bên ấy chín chưa, chưa cho vào bóp gỏi đi e",0,external_real
nếu k qtam thì thả tym giúp t nhé,0,external_real
củng hĩu mấy con mèo thích vô phòng he,0,external_curated
Người tốt lương 10tr tìm được người hợp lương 8tr là đắc.,0,external_curated
Lương 3tr4 chắc thành vô tree...,0,external_curated
đại bàng gọi chim xẻ trả lờiii,0,external_curated
Gửi tới vdv có hoàn cảnh khó khăn.,0,external_real
Cười mún nội thương lun,0,external_real
mốt tới gián ở phòng trọ pự như z,0,external_curated
lúc ông lên đây hỏi thì giờ ngta quên mịa đã nói câu đấy r ấy chứ =))),0,external_real
bạn có giống thế k,0,external_real
dkm đ phải riêng t nhé,0,external_curated
Ncl mấy cha mấy mẹ đi làm bớt ăn hiếp nv lại .,0,external_curated
"Đéo bù thằng bạn mình  , cả đời m có giày đi tán gái đéo đâu",0,external_curated
Ở quê 10 Triệu thì được chứ ỏ thành thì lo cho cả gia đình thì chật vật,0,external_curated
Bộ tóc sau đó còn 0 thì 0 biết,0,external_real
tháng này lương e 2tr,0,external_curated
"Lồng quả nhạc chill ko kém :""))",0,external_real
m nên biết ơn t,0,external_real
làm ăn dị coi có được không trời,0,external_real
CA Kinh tế đã xem,0,external_curated
T mang tiếng bạn thân còn chưa bao h gặp mặt cô dâu trong khi cno yêu nhau mấy năm h cưới rồi cơ,0,external_curated
Hợp lý mà t có thấy Kiên sai chỗ nào đâu.,0,external_real
Nếu cháu mà ở bên Campuchia thì 1 Huy chương vàng là 235 triệu vn đ nhé ( Việt Nam 1 Huy chương vàng có 45 triệu vn đ),0,external_curated
no gòi mà cứ bắt ănggg,0,external_curated
này cần cho e nè,0,external_real
Dĩnh Bảo Ngọt ngào aaaaa,0,external_real
Chắc sếp vs nv yêu nhau,0,external_curated
"Mình thì tự ti về bản thân và gặp ng hay chê, ngta cho rằng chê nhìu khiến đối phương quyết tâm phát triển tốt hơn nhưng ngta đâu bt đấy là những lời ngta cần cho bản thân ngta.",0,external_real
xin lũi nhưng toi phải tag bạn :)),0,external_real
Còn đây là t khi đi đòi nợ  nỡ lòng nào chứ ???,0,external_curated
méo ai như cha nội đâu,0,external_curated
Chúc e và gd thật nhiều sức khoẻ.,0,external_real
Dô buồng tao nói chiện dí mày :))),0,external_real
Không có lương nên k có tiếng nói ạ,0,external_curated
tha hồ luôn mí đứa,0,external_real
Đúng mà quê k nói chứ ở tpho 10 triệu khó sống khó thôi chứ k phải k sống đc như con mình 2 đứa tháng nguyên tiền học cứ phải độ ngót 7tr chưa kể sữa 1 tuần 2 thùng bỉm nữa ăn uống chi tiêu cả gia đình nguyên tiền điện mùa hè này độ 2 tr rồi nói chung 10tr khó,0,external_curated
Bạn có 5’ đến xl tôi qua stk tôi đã gửi.,0,external_curated
10tr thì vẫn đủ sống mỗi tháng 2vkck và 1 con,0,external_curated
Hoặc t nói nhỏ vz chg t là lấy cho t thịt nạc,0,external_real
Nay goi la ngu mà còn lì,0,external_real
Bộ trưởng bộ ngoại giao kiểu : ta để làm thú cưng thoi sao,0,external_real
Thỉnh thoảng có hôm tầm 1 tiếng là mấy ngày dồn lại phải hem mấy bạng,0,external_real
Đừng có hát là bả qlai r,0,external_real
đeo kính r vẫn z,0,external_real
chờ m đẻ xong t với m đi kiếm thêm thu nhập,0,external_curated
Mặt kiểu phán xét vỡiiii,0,external_curated
rồi lương e là mấy tr :)),0,external_curated
"Nhiều ng nghĩ việc ăn 1 mình hoặc xem phim 1 mình dị vs cô đơn lắm, nhưng họ ko hiểu ng hướng nội chúng tôi rất cần những khoảnh khắc như vậy",0,external_real
t lương 5tr 2 đứa con luôn,0,external_curated
văn thơ lai láng chữ nghĩa dạt dào cx k cứu nổi pha này :((,0,external_real
hét xog đ ai im,0,external_curated
quả này cứ vào vin nằm khoảng tháng là nhà mấy tk kia ngán ngay,0,external_real
:))) quay xe học Y Đa Khoa với cái nết này thì hổng được,0,external_curated
đúm nhận sai đ cãi,0,external_curated
Pé no gòi thì tới lượt anh ăn :)),0,external_curated
dậy trong mơ ròi á :)),0,external_real
"b.ọ.n đàn ông ngoại tình n.g.u n.g.ố.c v s tr, con nhỏ đó lm mấy cái hành động mắc ó.i v mà cũng yêu đc.",0,external_real
vay vay cái đb lúc đòi như đi xin nhà cno vậy,0,external_curated
Bi quan thế t lương có 3tr vẫn lấy vk đẻ con bình đây thôi,0,external_curated
đợt chảy máu mũi nhiều quá xong nghĩ mk bị ungthu máu thế là cả tuần đó đối xử tốt với mn xung quanh,0,external_real
khó chịu chung với t đi :)),0,external_real
"Có tháng ck t còn dưới 10 chẹo, và sắp sửa nợ hơi bị nhiều",0,external_curated
2 chỵ em ta cùng hát,0,external_real
Ng chiến sí công an nhân dân,0,external_curated
sao những thứ nhân văn như này thì m k tag t,0,external_real
nghèo cũng k đụng vô :)))),0,external_real
Ăn lương Nhà nước thì chỉ thế thôi chứ ai mà k muốn nhiều tiền,0,external_curated
Bạn kiếm được nhiều thì vợ đc nhờ con được hưởng sung sướng thoải mái,0,external_real
Sao mấy cây xoài trái dc xum xuê dậy,0,external_real
Bên phải mà kêu k chuyên,0,external_real
Mì căn là có căn mới làm đc,0,external_real
hèn gì chạy hoài đ thấy vng đâu,0,external_curated
bn xem có thực sự muốn giữ gìn cuộc hn này chưa rồi tính,0,external_real
May quá ck mình lương 6tr2 nên gđ vẫn hòa thuận,0,external_curated
có nhìn thấy những biểu cảm này giống con gái k,0,external_real
Đả ngu còn tỏ ra nguy hiểm,0,external_real
"Chúc Chú Phong, Má Hai và bạn luôn vui vẻ và thật nhiều sức khoẻ nhó",0,external_real
Ở nhà ăn mà bới bới bố mẹ t cho nhịn đói luôn chứ ở đó mà tự nhiên,0,external_real
tiếng a trong tầm tay,0,external_real
Tình yêu khum phân biệt giới tính trai gái đâu có quan trọng,0,external_real
đợi em có ngiu mà nó cắm sừng em thì em cũng rủ cả phòng chị đi,0,external_curated
Có bữa kia đưa 100k đã bị cằn nhằn nửa chuyến r :)),0,external_curated
